{"ASN-CASTOR-NETWORKS": [26.126619209256706, 30.90155392499901, 26.82874315740861, 31.89124768286832, 14.826843721753887, -1, 48.13167898148389, 20.88422960647847, 130.064099008795, -1, 127.71417060925945, -1, -1, -1, -1, -1, -1, -1, 257.69252376481893], "ROGERS-COMMUNICATIONS": [33.197626131731454, 185.81894099554074, 30.183018869783368, 35.63016819319494, 18.6187933351856, -1, 78.62323430976484, 33.11008114591071, 126.85013333171246, -1, 127.49449114053695, -1, -1, -1, -1, -1, -1, -1, 269.9656810140579], "ACN-DIGITAL-PHONE": [40.004212978006386, 37.72030967685054, 34.032685092127636, 39.69526602731343, 19.691336002315683, -1, 57.82450746527797, 135.90429460300842, 121.19243788935005, -1, 121.59360242939816, -1, -1, -1, -1, -1, -1, -1, 277.34011191203933], "AS-CHOOPA": [16.059514864643706, 15.721167821982093, 13.23847652568725, 16.39840196941571, 0.4836378583030822, -1, 63.24294695364963, 14.322628387533992, 108.54179735855895, -1, 107.83183475777196, -1, -1, -1, -1, -1, -1, -1, 223.64100053050842], "FREE RANGE CLOUD": [17.36528657115574, 18.33771940836754, 14.173905106650357, 19.603098252963584, 1.3923102314810532, -1, 44.24312960819024, 119.28290496901361, 108.11189512599468, -1, 108.60457508493832, -1, -1, -1, -1, -1, -1, -1, 260.4086972954125], "GOCODEIT-EDGE": [18.681516491044015, 164.33989430495018, 13.818991186608276, 19.403426085496946, 0.8671261224586894, -1, 37.874086872415276, 119.82259849825216, 104.172111277284, -1, 104.0427809871979, -1, -1, -1, -1, -1, -1, -1, 254.0815364850329], "UTORONTO-AS": [12.213599322253692, 84.76210376793027, 15.023943923735356, 20.573470836410767, 85.02217228929747, -1, 89.41580417246277, 26.339836478856828, 105.98157910105925, -1, 105.96150262381657, -1, -1, -1, -1, -1, -1, -1, 227.0684103640586], "DIGITALOCEAN-ASN": [12.23547344350219, 22.82929276585337, 12.3451000787466, 19.601442247154413, 0.8309753716603491, -1, 67.88510473990155, 107.85733826661871, 105.62029859752153, -1, 105.21936332788357, -1, -1, -1, -1, -1, -1, -1, 233.7395105365602], "WATERLOO-INTUITION": [17.870864932608868, 167.2959448472426, 13.451540772083458, 19.03023002883051, 0.3544967838099547, -1, 37.074496873580166, 106.46751160799559, 105.85147615765044, -1, 108.70844889266513, -1, -1, -1, -1, -1, -1, -1, 231.28304854347851], "HWS": [18.22312676710308, 164.72469736150836, 14.046477417498725, 21.12098951911161, 1.1397988330909756, -1, 38.59476566616079, 125.04165950624727, 110.86418199307565, -1, 108.33027695984381, -1, -1, -1, -1, -1, -1, -1, 255.22918213616825], "E-GATE-COMMUNICATIONS": [36.29082362343979, 38.15352448984292, 30.737615962603765, 44.26337180443822, 22.928310509479328, -1, 55.24369650369848, 45.00045855617168, 135.7506764433657, -1, 133.65909360171125, -1, -1, -1, -1, -1, -1, -1, 245.3983472024971], "BACOM": [43.790633621814415, 176.3200897762322, 50.86252474522503, 44.931421075874496, 7.472629939879159, -1, 83.65456412171586, 125.18213353189701, 110.62935464568062, -1, 111.30747203532238, -1, -1, -1, -1, -1, -1, -1, 262.4107124952558], "COGECOWAVE": [25.715278638210233, 29.47816205170913, 26.7374228277188, 33.79401776485168, 14.169217733763968, -1, 48.78188772945576, 123.4501039371645, 116.05552562296016, -1, 116.47476995515939, -1, -1, -1, -1, -1, -1, -1, 259.38249120612295], "START-": [31.82166512890907, 41.0532992329326, 36.93277309173588, 30.3856959887506, 22.987499222069633, -1, 79.71476406230883, 31.10280977415621, 121.72842499152388, -1, 121.05676931501127, -1, -1, -1, -1, -1, -1, -1, 247.89160871601288], "EASTLINK-HSI": [24.96190142705596, 29.664042490548024, 33.02411816643703, 23.26030754587335, 15.144012798063907, -1, 45.22444184923888, 35.50288884140027, 112.53653072475542, -1, 112.99235825541693, -1, -1, -1, -1, -1, -1, -1, 262.593562876901], "TEKSAVVY": [18.39556824873045, 22.21404356140473, 18.411228657431998, 29.643117646351836, 7.346607695751937, -1, 39.471414207987245, 29.035392877423835, 118.5305407929348, -1, 119.01657770908247, -1, -1, -1, -1, -1, -1, -1, 247.8798941108022], "TWC-11351-NORTHEAST": [54.71845387257685, 76.51924318165102, 28.546125834946192, 31.1792879405249, 29.929830885202488, -1, 92.49253405624597, 61.65960611503056, 133.28638342484982, -1, 139.846216035319, -1, -1, -1, -1, -1, -1, -1, 252.15005496860633], "METROLOOP": [15.366032320423633, 19.12278686722062, 16.632665210234872, 21.431968131858376, 4.092557145919507, -1, 38.3760594098675, 19.316634663439828, 106.47231470124532, -1, 108.64992243453379, -1, -1, -1, -1, -1, -1, -1, 251.01006040295061], "AS-AKN": [11.96768513139751, 16.067026039188953, 14.022947600276611, 19.885410356846055, 0.9113251512214394, -1, 36.03791937344248, 6.278702621944812, 107.42446438681473, -1, 105.85111300322924, -1, -1, -1, -1, -1, -1, -1, 244.07762067081427], "EBOX": [50.9021694668533, 24.836931090825725, 15.854506974641211, 7.99926303453025, 7.9257744562621735, -1, 46.36366985359387, 28.499788242632473, 118.63057781859924, -1, 116.07667459392162, -1, -1, -1, -1, -1, -1, -1, 261.9205406777316], "ORACLE-BMC-31898": [16.022252396452043, 16.127772716689947, 12.77261151544447, 19.146741951359857, 1.1726311773785083, -1, 64.85816447339263, 19.398286815582996, 104.63407761456787, -1, 108.25924938416148, -1, -1, -1, -1, -1, -1, -1, 223.58837939456697], "UWATERLOO": [-1, -1, -1, -1, -1, -1, -1, -1, -1, -1, -1, -1, -1, -1, -1, -1, -1, -1, -1], "RITSNET": [17.873970865102628, 164.3747079258755, 13.661768345303845, 19.248887224675695, 0.9231316671276251, -1, 37.18723447559885, 111.60186310359121, 103.53243961233947, -1, 103.51240842426265, -1, -1, -1, -1, -1, -1, -1, 253.78618195165777], "LINODE-AP Linode": [11.650341262891581, 22.713644897330926, 13.833528392265459, 19.38035124171272, 0.964742449815193, -1, 35.42374065653675, 12.132651543907713, 109.90887422252705, -1, 109.7788130722841, -1, -1, -1, -1, -1, -1, -1, 224.98493589226533], "TENCENT-NET-AP-CN Tencent Building": [16.5752128740226, 25.54780112367727, 16.21880887632055, 19.599669569195726, 2.16843256367931, -1, 39.413123235401386, 41.69727029471437, 112.77765618436796, -1, 114.20377161195677, -1, -1, -1, -1, -1, -1, -1, 222.35733853499048], "MICROSOFT-CORP-MSN-AS-BLOCK": [18.619323070902485, 65.68999877808514, 16.66437620534073, 9.511161828731208, 2.1105608354030347, -1, 56.657974013793, 18.627130788964543, 102.95466116367714, -1, 102.64947601979661, -1, -1, -1, -1, -1, -1, -1, 234.91233079723912], "IWEB-AS": [43.71877198756834, 162.57243032113186, 9.252196447973905, 1.1440144442907458, 1.0572302656544188, -1, 34.16486392321781, 104.8042538662059, 99.17325613333188, -1, 100.02433615632192, -1, -1, -1, -1, -1, -1, -1, 245.46468690815004], "OVH - OVH SAS": [9.12661803402291, 42.34912694321642, 8.989595948965636, 1.5769687742550333, 1.601753641378484, -1, 39.7222794579298, 108.04408918735783, 97.51348736689741, -1, 93.93308471724204, -1, -1, -1, -1, -1, -1, -1, 248.17025677892596]}