{"SHAW": [33.45338823279892, 74.5497383137695, 43.37595642638823, 36.82871638830882, 35.74886578587784, -1, 67.20286333032166, 33.92305435857989, 150.07369722932623, -1, 149.0069746263334, -1, -1, -1, -1, -1, -1, -1, 259.56655369191355], "TELUS Communications": [59.83364872190726, 44.8015842033709, 81.62925491054169, 5.258825883747976, 4.871269895538176, -1, 54.85359496501133, 145.1652551962944, 142.99485172807744, -1, 145.37786527148444, -1, -1, -1, -1, -1, -1, -1, 201.30582491324765], "PRIMARY-AS": [47.61736838888915, 105.16226450555386, 60.18681777500138, 46.47972011898248, 46.32943587638856, -1, 68.1561118481488, 49.193521921065106, 201.99405248981458, -1, 202.38676247407355, -1, -1, -1, -1, -1, -1, -1, 230.5048337821756], "Q9-AS-CAL3": [24.192150307805615, 47.82615700441843, 47.64214888596427, 23.69730726290478, 39.571786328990264, -1, 47.862225732855286, 24.416307376250813, 150.4483438776672, -1, 149.8882588716588, -1, -1, -1, -1, -1, -1, -1, 194.51275238857056], "AS-YYCIX-SVC": [19.68678171250222, 46.3735493076393, 47.640295162267556, 1.6569869847215273, 1.798606738428194, -1, 34.8120541805547, 1.7791539375006933, 133.17025668078622, -1, 132.88856932731449, -1, -1, -1, -1, -1, -1, -1, 169.3233173337958]}