{"AMAZON-02": [9.240501240993268, 38.24955576217881, 9.1943717563826, 1.6758435226506423, 1.594306155699357, -1, 16.490431125417608, 9.325022341201365, 91.91471964484911, -1, 91.83479840532307, -1, -1, -1, -1, -1, -1, -1, 245.11168318621858], "TELUS Communications": [17.29218196021264, 73.65900638381095, 17.476655754512375, 17.727281500712945, 0.6229076208861231, -1, 43.41546774007992, 116.86944196515113, 100.72514739789881, -1, 100.72761015866067, -1, -1, -1, -1, -1, -1, -1, 252.80674397985496], "EBOX": [46.434454608026854, 24.916264960562405, 18.195502446629636, 10.297287751472966, 9.863505292129318, -1, 46.132609220551075, 30.104746499906035, 121.94171663235858, -1, 122.24655997608372, -1, -1, -1, -1, -1, -1, -1, 268.479622064896], "GOOGLE-CLOUD-PLATFORM": [9.96280102083393, 17.377271664663805, 12.40537222205379, 1.22154078125, 8.238412873509976, -1, 61.19750813194256, 10.224783528274264, 92.64780172427375, -1, 92.57626121870412, -1, -1, -1, -1, -1, -1, -1, 255.36864397371096], "OVH - OVH SAS": [9.321081689104963, 41.03417708850004, 9.076156781201256, 1.7319664174156035, 1.7422886651428289, -1, 41.25714015590295, 109.42732076920709, 94.71357406603376, -1, 95.13248809633805, -1, -1, -1, -1, -1, -1, -1, 251.27628171336397], "VIDEOTRON": [31.830313323725875, 29.35715800065159, 22.623970763497624, 31.26162198297432, 14.204936879073088, -1, 51.15186194921213, 31.948891126220477, 107.45649025099378, -1, 106.44682895564198, -1, -1, -1, -1, -1, -1, -1, 251.83001861601147], "TEKSAVVY": [29.092256370737474, 33.305331044629696, 30.89668359463533, 30.120864928142293, 22.533056372990934, -1, 51.66406678170902, 36.86178708544353, 127.46611670487958, -1, 127.42049834882698, -1, -1, -1, -1, -1, -1, -1, 252.8980124402032], "OPENFACE": [8.51888622994701, 14.35862159791835, 8.84579161103379, 0.9903862489579972, 0.9641095632812244, -1, 39.016684497451855, 8.497502901714327, 91.16798944953591, -1, 91.17106433287073, -1, -1, -1, -1, -1, -1, -1, 272.4150333462957], "GTVR": [24.178169269995987, 180.04097949722654, 19.70005650208058, 26.027708404431017, 16.127347005540738, -1, 56.71228904247684, 115.05044428970729, 107.16637969113552, -1, 107.33826646398937, -1, -1, -1, -1, -1, -1, -1, 253.82422531809644], "START-": [24.668571244661422, 30.253588654132326, 26.258848756731652, 24.243769126849433, 13.176852704168043, -1, 82.46522255277777, 25.68942606898252, 110.36973607430657, -1, 110.28979624097322, -1, -1, -1, -1, -1, -1, -1, 245.65579871627168], "STGRABER-NET": [12.557830583462795, 20.664756942635176, 14.047128021704967, 6.0550808397934945, 6.258034825840612, -1, 40.88854388338461, 26.51703210335955, 110.54004561860651, -1, 112.97684998914663, -1, -1, -1, -1, -1, -1, -1, 261.504265609731], "BACOM": [19.120997031538757, 173.6511229594884, 13.6560615854781, 22.735885790734848, 3.7773253061768255, -1, 84.5605774604371, 115.14912237437292, 97.42131133237702, -1, 97.8977660064296, -1, -1, -1, -1, -1, -1, -1, 262.19585915512204], "HIVE-DATA-CENTER": [25.210152514774958, 15.717161248386008, 9.755815460755542, 1.5063976232700826, 1.4866734713767331, -1, 37.852485033701655, 19.73433654663005, 117.0127321260396, -1, 116.82812440720163, -1, -1, -1, -1, -1, -1, -1, 257.83512262096303], "TARGO": [13.786777551637618, 174.40566657202183, 13.632202913665376, 5.454000096492104, 5.716502689982548, -1, 50.10834518698064, 123.39220665835803, 101.20076952631595, -1, 101.36767167750267, -1, -1, -1, -1, -1, -1, -1, 255.3518974023557], "FIBRENOIRE-INTERNET": [51.28212240523333, 58.62284964052157, 49.23787831372549, 39.968389575158824, 41.88983222875882, -1, 78.90980498365883, 65.447889553332, 136.279322839994, -1, 134.09021538000405, -1, -1, -1, -1, -1, -1, -1, 277.8886905620961], "AS-01": [26.038463463808576, 17.642170587256633, 10.236534955216898, 1.6969729303816024, 1.6253355099114792, -1, 38.13264389073357, 19.514634431996132, 116.04124410465624, -1, 119.74706474550523, -1, -1, -1, -1, -1, -1, -1, 265.6622161715079], "ORACLE-BMC-31898": [41.46839539004219, 19.93002989981593, 8.681169028163577, 1.2448129963052623, 1.2233216260385047, -1, 37.21249004518369, 42.72320407837816, 102.71886093084446, -1, 105.57761037667112, -1, -1, -1, -1, -1, -1, -1, 259.86263344213904], "ESTRUXTURE": [40.946404619179916, 18.495968499769305, 8.550590617332507, 1.1084414988474414, 1.1174605417269698, -1, 81.51791907745644, 40.810631952512374, 109.62956620378021, -1, 109.5146976934074, -1, -1, -1, -1, -1, -1, -1, 244.20439834970142]}