{"ASN-CASTOR-NETWORKS": [26.658860072321982, 30.973570303240155, 27.504842135188497, 32.50145580740543, 15.518351420595412, -1, 47.403154339352525, 21.45466706296142, 130.9974513611098, -1, 128.91501206805475, -1, -1, -1, -1, -1, -1, -1, 258.97644822407904], "ROGERS-COMMUNICATIONS": [32.50867239726428, 186.59334564149975, 29.340610997353686, 34.831763691839676, 18.006024226704348, -1, 63.26515574949557, 32.519407400681686, 125.77802970930523, -1, 125.64861781937397, -1, -1, -1, -1, -1, -1, -1, 278.31750818645844], "ACN-DIGITAL-PHONE": [39.758752531434915, 38.00517211805595, 33.21443248564636, 41.36955383819308, 19.784460999769742, -1, 58.094362112270744, 135.28621554467503, 122.05949157777519, -1, 122.25398834490659, -1, -1, -1, -1, -1, -1, -1, 276.87737101248325], "AS-CHOOPA": [16.044156236659724, 15.693280703277678, 13.22496764693395, 16.40620893971604, 0.48451730333047477, -1, 45.16390195756225, 14.287723229167343, 108.56919971194621, -1, 107.84036884315246, -1, -1, -1, -1, -1, -1, -1, 225.55099973371583], "CREEPERHOSTLTD-AS - CreeperHost LTD": [10.468075492271312, 17.692307654946823, 11.822845994421753, 17.401366070530884, 0.6981894390828949, -1, 33.53949563051084, 15.180840812994477, 99.52250904563529, -1, 99.42773334830812, -1, -1, -1, -1, -1, -1, -1, 264.83332612601106], "FREE RANGE CLOUD": [17.33888137214427, 18.43580124447463, 14.135197161667854, 19.65287415952369, 1.430626401427714, -1, 44.21612651904657, 119.38613440666558, 108.1460536949232, -1, 107.85142021151982, -1, -1, -1, -1, -1, -1, -1, 260.1500075370117], "GOCODEIT-EDGE": [18.796796049076544, 167.7513627860888, 13.79186903938458, 19.425114260199404, 0.8665264052577396, -1, 37.87009654378028, 119.96079372222228, 103.6846418801404, -1, 103.67910128387717, -1, -1, -1, -1, -1, -1, -1, 254.12704087748045], "UTORONTO-AS": [12.42334303601669, 84.07499210093117, 15.07746166310371, 20.43918194653369, 85.10583671823932, -1, 88.94099393735205, 25.975534743100294, 107.86020224258387, -1, 107.91096991535598, -1, -1, -1, -1, -1, -1, -1, 241.0315671262882], "DIGITALOCEAN-ASN": [12.244151261410316, 23.28640933144244, 12.329986065484828, 19.608896179197146, 0.8201517609924116, -1, 50.17409673338253, 108.2339455964405, 106.36054610763587, -1, 105.96423635517245, -1, -1, -1, -1, -1, -1, -1, 233.53815090922004], "WATERLOO-INTUITION": [17.851377137164565, 168.72187387766263, 13.43586969139421, 19.01866146717572, 0.3600074645373863, -1, 37.013547184726626, 106.04863320949389, 105.64300283918554, -1, 108.61879026557968, -1, -1, -1, -1, -1, -1, -1, 231.75868924386438], "HWS": [18.305936229196195, 169.81753901795946, 13.975063620886393, 19.54476915740702, 1.127700610460411, -1, 38.48477592648306, 122.57401617767766, 108.33136793422325, -1, 108.04675168898541, -1, -1, -1, -1, -1, -1, -1, 265.6580397496379], "TWC-11351-NORTHEAST": [54.40361187390107, 83.80502222957108, 28.942357340604307, 29.874217639062238, 30.168407844075297, -1, 88.01115522199015, 58.14463662624193, 132.82271306029207, -1, 136.0241674727411, -1, -1, -1, -1, -1, -1, -1, 252.78999925138584], "E-GATE-COMMUNICATIONS": [34.424119346742025, 37.197755757156344, 29.771312442981973, 41.40189952542858, 21.409019527971722, -1, 53.59069508783969, 39.53041550138689, 133.27014713106766, -1, 128.90127648913744, -1, -1, -1, -1, -1, -1, -1, 247.26203411703625], "BACOM": [43.9285002824982, 177.10701861980837, 50.84000497076795, 44.8892940676295, 7.118233011592664, -1, 83.20014977524762, 125.09768499796925, 110.46374112016687, -1, 111.58187516625541, -1, -1, -1, -1, -1, -1, -1, 261.1467179429024], "COGECOWAVE": [25.691833330255307, 29.284401577604033, 26.651401566374552, 33.89474406879127, 14.226834446598716, -1, 48.80517602830346, 124.15269677557349, 116.38550494836815, -1, 116.57039506429598, -1, -1, -1, -1, -1, -1, -1, 259.3569526648236], "START-": [36.94078178850856, 46.10919421534226, 42.349101503542315, 36.120103849037854, 28.428742603773273, -1, 85.16080142405467, 37.03019470929512, 131.58283221637393, -1, 130.61257714257079, -1, -1, -1, -1, -1, -1, -1, 261.1761990630963], "METROLOOP": [21.356673475069027, 24.859964481199693, 22.383177586851335, 26.93343890489395, 9.928404479801783, -1, 43.78333124596035, 22.799683903509777, 114.88980919157983, -1, 117.84814512929637, -1, -1, -1, -1, -1, -1, -1, 265.7906565749081], "EASTLINK-HSI": [24.973206759466176, 30.01063054080178, 33.02287543798911, 23.254876959888385, 15.144477574920051, -1, 45.303481304748296, 35.53273688427801, 113.12473785569331, -1, 113.08492070723787, -1, -1, -1, -1, -1, -1, -1, 275.97330170032154], "NEXICOM-": [19.821843091875067, 21.452699464269422, 16.673464561088807, 15.857702432919924, 2.583358931995158, -1, 109.12159832756853, 6.5746932618721985, 108.561671544029, -1, 111.74941840802205, -1, -1, -1, -1, -1, -1, -1, 238.30668391908677], "TEKSAVVY": [17.779898743322637, 22.451433343017566, 18.28002520654661, 29.1779057708603, 6.527335449976209, -1, 39.120013249078845, 28.427877138351946, 118.7098326238483, -1, 118.99133004373813, -1, -1, -1, -1, -1, -1, -1, 247.9136142033176], "AS-AKN": [11.970937501153664, 16.08372174033094, 13.996461773019771, 19.87924074907859, 0.9113274286374293, -1, 35.2491554327798, 6.281281459483972, 107.60281146040467, -1, 106.18022905018424, -1, -1, -1, -1, -1, -1, -1, 244.0816305584708], "EBOX": [50.940526664826244, 24.34952797882305, 15.850841689685227, 7.994485613259113, 8.042996620165603, -1, 46.506668068141366, 28.56449005340682, 118.32997301197081, -1, 115.72314043370227, -1, -1, -1, -1, -1, -1, -1, 261.78946367403205], "ORACLE-BMC-31898": [16.007775670119607, 16.14937517530546, 12.762775190278736, 19.146004111033726, 1.1814635630031092, -1, 46.69171221285451, 19.396005912402842, 104.63571023565991, -1, 108.25854297743942, -1, -1, -1, -1, -1, -1, -1, 223.1077861926793], "UWATERLOO": [-1, -1, -1, -1, -1, -1, -1, -1, -1, -1, -1, -1, -1, -1, -1, -1, -1, -1, -1], "RITSNET": [17.87390469889544, 167.37183997835967, 13.64139362430896, 19.252281271177498, 0.9371928991721004, -1, 37.21394635082819, 111.41926070027688, 103.49445112873603, -1, 103.4692089443679, -1, -1, -1, -1, -1, -1, -1, 267.219809244475], "LINODE-AP Linode": [11.645738714548466, 22.722326863908233, 13.830486530115039, 19.398212175631585, 0.9759445324125534, -1, 35.5274377159304, 12.145213284137512, 109.64908280459781, -1, 109.90195972421846, -1, -1, -1, -1, -1, -1, -1, 222.0533907886736], "TENCENT-NET-AP-CN Tencent Building": [16.564511193830665, 25.511161880919737, 16.236019163218764, 19.60867259264536, 2.2002073471271695, -1, 38.98640816689611, 41.69971823034644, 112.80878778022996, -1, 114.25512220183872, -1, -1, -1, -1, -1, -1, -1, 222.26853937799285], "MICROSOFT-CORP-MSN-AS-BLOCK": [16.54248334390717, 65.59023058023035, 15.62070901289185, 9.458231077810083, 2.1155824129838408, -1, 77.42519906952168, 16.56235294383011, 102.90672985727356, -1, 102.61583083563492, -1, -1, -1, -1, -1, -1, -1, 233.3833197542515], "UUNET": [13.157793811954335, 163.9312214175888, 15.154706705800828, 13.017271778543783, 13.057862247698347, -1, 68.04075822951118, 23.61265243448328, 116.83325263172233, -1, 105.85890346804639, -1, -1, -1, -1, -1, -1, -1, 251.6337022818391], "IWEB-AS": [43.72416857734796, 163.86004447655174, 9.249479596782889, 1.0841954073550337, 1.0766216055172413, -1, 34.735387852875135, 104.61477147126453, 97.95585951632275, -1, 98.7539867673573, -1, -1, -1, -1, -1, -1, -1, 258.406794463627], "OVH - OVH SAS": [9.08849631918176, 42.30921727463188, 8.95304061268301, 1.5417709403463125, 1.6206346300375203, -1, 39.78393658503391, 108.65271403165853, 97.61068543275891, -1, 92.93874226425973, -1, -1, -1, -1, -1, -1, -1, 247.99546689884764]}