{"MTS-ASN": [32.74345801550902, 143.70385436323744, 33.110249782104496, 44.68819292454749, 27.92565943671763, -1, 74.15502679207229, 86.93948600289812, 129.60909828295067, -1, 130.7444101973609, -1, -1, -1, -1, -1, -1, -1, 281.68468985648093], "MERLIN-NET": [18.574381489104862, 57.25663045740665, 36.02791826249839, 2.581981522685834, 2.1761087745363894, -1, 75.96300741203724, 1.810900708795554, 126.68662999861239, -1, 125.9117679189811, -1, -1, -1, -1, -1, -1, -1, 290.2845366662058], "MBIX-SERVICES": [16.55117665231389, 34.50353076990735, 21.075720718518056, 1.9275822726831955, 1.0501403856480565, -1, 28.454915183332353, 0.41681343564763856, 129.66212064074296, -1, 129.13251485787157, -1, -1, -1, -1, -1, -1, -1, 247.87799181342618], "LESNET": [16.514983406480702, 34.689921403239325, 20.902220809722376, 1.278732868982778, 1.1229380143527772, -1, 27.54698246712919, 0.45983469629638885, 128.96485399907309, -1, 130.01332263009266, -1, -1, -1, -1, -1, -1, -1, 237.57584954831157], "INFOTEC-MANITOBA": [56.81260426389011, 31.941105432407095, 18.621855674536377, 8.529228845833618, 8.504745175001252, -1, 26.994968373147785, 0.7305682835674996, 131.68221017870363, -1, 128.81785407592645, -1, -1, -1, -1, -1, -1, -1, 244.72809011944523], "VOYAGEURINTERNET-1": [18.97707338603779, 35.38044223611127, 21.775704777892408, 4.0501823356470865, 3.1232460138880525, -1, 29.23740469696933, 2.4367323018724525, 131.17739416330883, -1, 132.16481667743122, -1, -1, -1, -1, -1, -1, -1, 228.42096177770014], "HEXTET": [16.749155445369468, 34.89213015231407, 18.63199745277875, 1.357553937961945, 0.6103511967600004, -1, 27.81821475555472, 0.570578940509445, 131.00200051502438, -1, 129.35226847850276, -1, -1, -1, -1, -1, -1, -1, 234.9879334003707]}