{"ATT-INTERNET4": [65.68922366018522, 63.821301577777, 66.8359808231496, 67.74854130486041, 53.1244622196773, -1, 103.59772597361099, 64.01675107338136, 156.94510453796343, -1, 159.6861386495349, -1, -1, -1, -1, -1, -1, -1, 277.287665677775], "HOTWIRE-COMMUNICATIONS": [20.559902733425883, 56.901383749537814, 26.61253832916958, 8.927957820832495, 8.70114232453764, -1, 23.051866695372766, 8.8274342194432, 119.45745317824223, -1, 119.96800184583303, -1, -1, -1, -1, -1, -1, -1, 228.77649188286884], "CCCAS-1": [19.154772951852774, 57.82067177639039, 23.59428414583292, 19.851126584723197, 7.627198337500417, -1, 19.686997690277206, 20.046384236573346, 118.64726093889087, -1, 118.02076244096958, -1, -1, -1, -1, -1, -1, -1, 231.55859347249222]}