{"YOUR-ORG-INC-NA": [21.535165060434228, 23.236760647281002, 2.647159234596642, 3.2922278753323453, 2.568963190391258, -1, 42.63286917553435, 3.233496835838985, 108.81165371560935, -1, 110.28629670265146, -1, -1, -1, -1, -1, -1, -1, 245.7012153801377], "COMCAST-7922": [14.704112183153129, 31.762868230283782, 13.131936635631098, 13.112986699494648, 13.443312844058863, -1, 66.18807609394229, 31.254167490409138, 120.46984999327218, -1, 120.39616210535112, -1, -1, -1, -1, -1, -1, -1, 255.40209874875998], "NTT-LTD-2914": [21.243458030754763, 17.526919059033435, 0.7750715320226935, 0.6286181919040481, 1.4082479489478974, -1, 59.655220471435904, 0.7515343938955689, 108.22449059302718, -1, 108.96336799016557, -1, -1, -1, -1, -1, -1, -1, 193.380632910029], "AS-CHOOPA": [1.8881253034866623, 46.54787207257124, 1.7649883196349907, 1.2550027259931416, 1.8940590166433506, -1, 56.97540320357352, 1.8959275330766263, 109.74582129464393, -1, 109.43332091728132, -1, -1, -1, -1, -1, -1, -1, 227.62767809329816], "GHOST - G-Core Labs S.A.": [17.15524024905269, 47.162325527579256, 0.5785077365028231, 0.43759248439806825, 1.1752444237237738, -1, 22.458612258382406, 14.49092821127266, 113.4302417407945, -1, 113.63666353809603, -1, -1, -1, -1, -1, -1, -1, 239.40417327970403], "ULTRADNS": [17.563231777116783, 20.783749426261586, 1.3411183448956672, 24.312025315007887, 1.8978670846956909, -1, 54.22409011540441, 2.328428733823384, 124.12312061385536, -1, 124.31818048972886, -1, -1, -1, -1, -1, -1, -1, 221.67739649854371], "OPENDNS": [1.0556369089216382, 17.777978485226182, 2.234736783168514, 0.5371552986610265, 0.5776078613015253, -1, 20.905688265835067, 1.0536539089224684, 103.0394378608421, -1, 103.14270943319559, -1, -1, -1, -1, -1, -1, -1, 216.61734298636154], "NETSOURCE": [30.002823539760737, 55.583081625519426, 29.958151448523147, 61.41257126800588, 29.814786362188393, -1, 81.91792320590896, 136.63716175023188, 147.68625323107153, -1, 147.5127859229011, -1, -1, -1, -1, -1, -1, -1, 277.37348463827215], "ATT-INTERNET4": [21.60654055858322, 24.824081285241025, 4.549093313019084, 27.994626797321704, 5.562766438135052, -1, 61.95252429778314, 5.860565745691597, 109.89014762879086, -1, 109.93944112136562, -1, -1, -1, -1, -1, -1, -1, 245.60377585356085], "AS-CMN": [28.842493955216995, 26.576184013852618, 3.7345230438603907, 3.6403784339796337, 3.5388812599264523, -1, 100.9936250660209, 28.990606152353735, 116.81534322038003, -1, 119.72286906224014, -1, -1, -1, -1, -1, -1, -1, 229.52079177700966], "DEPAUL": [1.402570035707143, 51.93039855102447, 1.457693260163415, 1.1544206666609758, 58.36230716666191, -1, 70.11571873643487, 13.875521887099993, 99.18993433332501, -1, 99.81425214893721, -1, -1, -1, -1, -1, -1, -1, 196.44237259322375], "LIGHTOWER": [1.937185692024896, 23.02339563208895, 1.4289470138319513, 1.6045866615939144, 1.537704022129739, -1, 23.90796072660207, 18.787930766712865, 115.67786493545407, -1, 115.72004543937298, -1, -1, -1, -1, -1, -1, -1, 247.1561626966345], "ADSNET-COM": [21.153939512681024, 153.0074247033206, 5.305537765329878, 22.227493247119515, 5.3485239299214395, -1, 28.76181702766193, 123.57569942600279, 113.28032825726164, -1, 113.35449917058538, -1, -1, -1, -1, -1, -1, -1, 250.66100107929816], "RCN-AS": [10.061208750229502, 56.17113783240932, 10.462322432134638, 9.456355207757904, 9.50421034441468, -1, 30.740911957987436, 9.927191990763712, 121.09168638550321, -1, 121.40793982363886, -1, -1, -1, -1, -1, -1, -1, 276.22132791389583], "T-MOBILE-AS21928": [27.092955262401514, 54.997227247334024, 29.170261223226827, 48.74639070630506, 24.255698820120596, -1, 71.72491699791243, 21.87810618683311, 142.08807836508927, -1, 133.2265543249908, -1, -1, -1, -1, -1, -1, -1, 264.4651039167807], "LEASEWEB-USA-CHI": [1.8717327219153297, 149.86369575241966, 1.9304017680958516, 20.647836265559302, 1.7103287104668072, -1, 42.8883720797607, 126.08919989764884, 112.30940102628045, -1, 112.43323835589335, -1, -1, -1, -1, -1, -1, -1, 247.52730625679996], "CELLCO-PART": [48.36572855202597, 208.4263597270651, 45.88589440548631, 58.29512569198967, 44.08244659507227, -1, 94.33287490469728, 60.76950955616865, 161.0766507969615, -1, 158.01875712039794, -1, -1, -1, -1, -1, -1, -1, 265.6868272957596], "ASDETUK - IPXO UK LIMITED": [22.415875196591433, 18.849920195212427, 1.6173294046959947, 27.282860645488398, 1.6397215386751387, -1, 21.696323463628456, 1.777451680938675, 105.03421810359049, -1, 105.06386091206343, -1, -1, -1, -1, -1, -1, -1, 205.91026304466047], "MICROSOFT-CORP-MSN-AS-BLOCK": [5.79687879281575, 59.66624889433658, 3.656513459486187, 4.447844688763812, 5.6086917645029, -1, 85.2901510232512, 6.30263931813839, 111.87139764042463, -1, 112.75422927762477, -1, -1, -1, -1, -1, -1, -1, 231.64947821839166], "HOSTHATCH": [1.3122488289680008, 20.821252731122073, 1.6707870833310783, 0.9142716496558623, 2.280126467770581, -1, 21.41014459953929, 18.804966972414746, 102.79041070620762, -1, 102.973392972414, -1, -1, -1, -1, -1, -1, -1, 210.940810934623], "AMAZON-02": [1.0631729783607733, 43.68891944137901, 0.8077582864359995, 0.5437815848289655, 0.7115323301161375, -1, 60.68344320735588, 1.089467278085083, 101.30409351381235, -1, 101.97503593692566, -1, -1, -1, -1, -1, -1, -1, 217.74445708390795]}