{"ATT-INTERNET4": [7.7273039986881535, 38.39544913298606, 27.57642411105889, 39.389575291426205, 7.2029828074396685, -1, 26.24521408466437, 34.62263939712075, 131.33661394288686, -1, 132.12055411503476, -1, -1, -1, -1, -1, -1, -1, 227.84454238037455], "FRONTIER-FRTR": [24.381584949305736, 160.8549421538196, 26.702701354281878, 6.126179187384524, 5.443336962151919, -1, 64.55159451145914, 38.67010657662071, 126.08408442303345, -1, 126.49811153761627, -1, -1, -1, -1, -1, -1, -1, 223.56263651608808], "RGNET-DFW - RGnet OU": [-1, -1, -1, -1, -1, -1, -1, -1, -1, -1, -1, -1, -1, -1, -1, -1, -1, -1, -1], "NETACTUATE": [-1.0, -1.0, -1.0, -1.0, -1.0, -1, -1.0, -1.0, -1.0, -1, -1.0, -1, -1, -1, -1, -1, -1, -1, -1.0], "AS-CHOOPA": [1.5293621798929302, 29.72643575819854, 22.774061255813518, 1.0545341027858783, 1.0662808477425092, -1, 19.729484106572237, 20.683240732584864, 125.77707187751291, -1, 123.10092035868483, -1, -1, -1, -1, -1, -1, -1, 229.51506290135708], "VOYANT": [31.745056197870163, 52.60695411257955, 33.649718901215905, 41.99167930329337, 41.90761519400145, -1, 38.36156382826711, 35.16535497553843, 143.69007160372036, -1, 143.44630212430306, -1, -1, -1, -1, -1, -1, -1, 239.34298208879113], "STACKPATH": [1.5754711244447404, 32.043455977045674, 22.148227392185447, 43.39154855931185, 1.1613180476179674, -1, 21.399782234299565, 1.6036980555544535, 120.56774235386943, -1, 120.50808671564295, -1, -1, -1, -1, -1, -1, -1, 225.94621429130808], "THE-ZNSL-NETWORK": [56.98807582231838, 40.826021672254996, 27.536047338157992, 13.455385770445064, 13.42260403304727, -1, 41.63339047859998, 13.02665192398541, 135.2859362270149, -1, 142.88258926065092, -1, -1, -1, -1, -1, -1, -1, 220.53031143853613], "ULTRADNS": [1.2965405456343748, 33.16858122271154, 22.06334998319036, 35.70975843699457, 1.0645774947746447, -1, 28.22973908519483, 30.828705492402175, 132.93831965277826, -1, 132.86124243353098, -1, -1, -1, -1, -1, -1, -1, 263.70161337506096], "WIKIMEDIA": [2.0828549898520565, 33.60937541185489, 23.407237093130853, 1.859027712350603, 1.842370929612068, -1, 30.846756508195355, 38.022129388727656, 126.93516552660031, -1, 128.3942316622928, -1, -1, -1, -1, -1, -1, -1, 204.83271279697487], "TWC-11427-TEXAS": [16.925276576667894, 48.60214615627353, 37.4079573343338, 15.121083591523732, 15.891042909167927, -1, 90.28590803984012, 16.869048922899413, 143.58740369775316, -1, 137.7562332031394, -1, -1, -1, -1, -1, -1, -1, 240.12654717982423], "OPENDNS": [1.5704143799628796, 28.562992342555237, 21.843283745965962, 2.0732292927614098, 2.1062499317655594, -1, 19.516392933150623, 1.5703004112485466, 120.90125648778167, -1, 120.90813041274201, -1, -1, -1, -1, -1, -1, -1, 209.55033109233494], "COMCAST-7922": [30.68312861057298, 74.47486847322298, 41.46620681394225, 13.99030187828422, 18.04855788658311, -1, 124.88992551867257, 13.876369038265022, 168.0330715048431, -1, 170.8203637653299, -1, -1, -1, -1, -1, -1, -1, 222.56928216781836], "MTL-19": [4.510241956892393, 40.110875249193406, 25.743713141539992, 40.330928917128254, 4.619368595107486, -1, 33.821389836102085, 144.64340221583507, 133.63458829455072, -1, 132.9027775297359, -1, -1, -1, -1, -1, -1, -1, 221.33142122752437], "NEXRIL": [21.45440808391051, 150.35786972637092, 22.661611056245782, 1.461249208852835, 1.4499850175206093, -1, 61.59654941701237, 3.1576234333807736, 129.50593820608674, -1, 129.55138648132726, -1, -1, -1, -1, -1, -1, -1, 231.6167656982484], "AS40676": [20.230397291840525, 32.11640621408603, 21.732980023020453, 32.28928202071863, 1.350736669888536, -1, 19.57841995257692, 2.0348132007379816, 120.45328878499116, -1, 120.54705546408903, -1, -1, -1, -1, -1, -1, -1, 203.1567585511035], "AS-COLOCROSSING": [1.7950685331499994, 36.78667978054331, 23.18684403458025, 37.47648297510459, 1.6761510433380347, -1, 33.00171481235671, 31.57549666712656, 130.28305095188696, -1, 129.56336814134593, -1, -1, -1, -1, -1, -1, -1, 219.68486495096508], "IPFAIL": [-1, -1, -1, -1, -1, -1, -1, -1, -1, -1, -1, -1, -1, -1, -1, -1, -1, -1, -1], "LEASEWEB-USA-DAL": [0.9015326648248613, 31.932778423695723, 22.188227931766097, 1.0805724023940606, 1.055167467310494, -1, 20.924072664826948, 30.668254831951828, 126.08010181261328, -1, 127.69343111233921, -1, -1, -1, -1, -1, -1, -1, 211.17630633563712], "CDSC-AS1": [20.027197335406274, 153.25502714214977, 22.183488442449423, 22.613321322859196, 22.609057400553038, -1, 56.570050048803985, 1.5486278547423347, 124.05716128545058, -1, 122.85002546546941, -1, -1, -1, -1, -1, -1, -1, 228.32958927394026], "LINODE-AP Linode": [-1, -1, -1, -1, -1, -1, -1, -1, -1, -1, -1, -1, -1, -1, -1, -1, -1, -1, -1], "ENZUINC-": [21.084530273478876, 32.14467985241573, 22.143093900230213, 2.0046953843668973, 2.003231291954896, -1, 21.36307333701146, 140.093694227126, 120.50622780091952, -1, 120.54470652440205, -1, -1, -1, -1, -1, -1, -1, 225.74000274712668], "CHARTER-20115": [13.199337550343722, 45.71867774022873, 32.87246464594875, 13.704922336096425, 12.301262064456774, -1, 37.11146647421725, 11.814094047881495, 132.19566097421617, -1, 131.60931141022115, -1, -1, -1, -1, -1, -1, -1, 238.4318063439086], "AMAZON-02": [2.1281436032154484, 26.958863685517894, 26.281855280918464, 1.1414054556315865, 1.7718210089653805, -1, 33.54233665287297, 2.1315178896569664, 120.29647317976898, -1, 120.33236237103223, -1, -1, -1, -1, -1, -1, -1, 224.2492783639488], "NINJA-IX-TRANSIT-CONNECTION": [23.33891800000113, 151.5433664455177, 23.938692347126924, 1.7226053434475845, 1.6803023011489646, -1, 53.6915559606898, 3.1653148377016542, 126.93255596500784, -1, 126.08451800782652, -1, -1, -1, -1, -1, -1, -1, 218.67129216505717], "T-MOBILE-AS21928": [25.526339204137937, 57.03473590023056, 47.01234156735409, 61.6751798754035, 25.104275279541792, -1, 54.32330851632083, 25.53107344919462, 149.7764211222978, -1, 155.64503895954124, -1, -1, -1, -1, -1, -1, -1, 263.299059293794]}