{"ATT-INTERNET4": [7.880489568836638, 38.35329724048328, 27.56324845257311, 39.025332147569735, 7.168256838039922, -1, 26.19368705277758, 34.333114307284916, 131.37347084062563, -1, 132.19231502813173, -1, -1, -1, -1, -1, -1, -1, 227.6421994979559], "FRONTIER-FRTR": [24.380764486227175, 160.67403242491633, 26.672749056037663, 6.127465118369703, 5.4505600019679745, -1, 64.91977407134702, 38.664760352784846, 126.09440139238292, -1, 126.49673484994827, -1, -1, -1, -1, -1, -1, -1, 223.5527944381949], "RGNET-DFW - RGnet OU": [-1, -1, -1, -1, -1, -1, -1, -1, -1, -1, -1, -1, -1, -1, -1, -1, -1, -1, -1], "NETACTUATE": [-1.0, -1.0, -1.0, -1.0, -1.0, -1, -1.0, -1.0, -1.0, -1, -1.0, -1, -1, -1, -1, -1, -1, -1, -1.0], "AS-CHOOPA": [1.5304042681038865, 29.695364368471896, 22.77394929661797, 1.0537582887925276, 1.066437839559484, -1, 19.72349215258168, 20.689103375697492, 125.77593767225333, -1, 123.1061003880311, -1, -1, -1, -1, -1, -1, -1, 229.51198313931926], "VOYANT": [31.743155394912236, 52.60641322222259, 33.651046710526295, 41.98865545401317, 41.91769700291631, -1, 38.36066833672407, 35.164868431598606, 143.75250779741418, -1, 143.44631257747275, -1, -1, -1, -1, -1, -1, -1, 239.34239907562352], "STACKPATH": [1.5764600619120355, 32.03696433458379, 22.14855769394792, 43.39082421828756, 1.1598264352530285, -1, 21.397846742843093, 1.6041100413642138, 120.6181401938888, -1, 120.56000487018449, -1, -1, -1, -1, -1, -1, -1, 225.9427952413789], "THE-ZNSL-NETWORK": [57.02408721548876, 40.943569156417595, 27.559957116764366, 13.457125146974512, 13.418580273691054, -1, 41.742842321153546, 13.028640223011934, 135.36884587370065, -1, 142.80289791027428, -1, -1, -1, -1, -1, -1, -1, 220.6337818636813], "ULTRADNS": [1.2987196908999987, 33.23391974596368, 22.099593108864305, 35.70945843919899, 1.0627818676167147, -1, 28.230528363211487, 30.82936089443639, 132.9422729381801, -1, 132.86671338031584, -1, -1, -1, -1, -1, -1, -1, 260.5738886000979], "WIKIMEDIA": [2.0830667615417067, 33.60818569858256, 23.407188045802613, 1.858188744980874, 1.8437041483150842, -1, 30.846916977644074, 38.02164844755073, 126.93506648197094, -1, 128.39573871567157, -1, -1, -1, -1, -1, -1, -1, 205.0981240361152], "TWC-11427-TEXAS": [16.68824953462564, 48.37717826909994, 37.37286376963968, 15.084131253234252, 15.664964445958637, -1, 90.06285295896863, 16.638395845266043, 143.54135151756006, -1, 137.72706791701324, -1, -1, -1, -1, -1, -1, -1, 239.88718940056987], "OPENDNS": [1.5674301643578938, 28.593164212374283, 21.84235823314875, 2.072869566481856, 2.1060554718376716, -1, 19.51629104847853, 1.5672004270534607, 121.09759461080239, -1, 121.10301218492886, -1, -1, -1, -1, -1, -1, -1, 209.5527080846031], "COMCAST-7922": [30.737767341423982, 74.46713022899333, 41.502325251615225, 14.038070158355525, 18.1085134732223, -1, 124.90677356301937, 13.974727365649741, 168.38672598961458, -1, 171.0626343162515, -1, -1, -1, -1, -1, -1, -1, 222.62743661957415], "MTL-19": [4.507871501615094, 40.2470472574916, 25.747473707699175, 40.43963231001855, 4.6306397119124725, -1, 33.81756600415402, 144.61109069829055, 133.55783370036804, -1, 132.87877892474418, -1, -1, -1, -1, -1, -1, -1, 221.33333172229953], "NEXRIL": [21.459796232826978, 149.82073933379442, 22.66533716989655, 1.4605527262245146, 1.4494690263174512, -1, 61.963780589335244, 3.157642840259967, 129.50678790812697, -1, 129.55642921421938, -1, -1, -1, -1, -1, -1, -1, 231.61743340928055], "AS40676": [20.23008438273393, 32.10194875749015, 21.73322651728907, 32.28964898201975, 1.3463494163196403, -1, 19.578592343014225, 2.0367241950221295, 120.48940618211157, -1, 120.4770055734073, -1, -1, -1, -1, -1, -1, -1, 203.15694545781275], "AS-COLOCROSSING": [1.7883539201301943, 36.79968921329573, 23.19871607987248, 37.52914055863462, 1.6838990627885038, -1, 33.02068427793232, 31.568673581254462, 130.3817891330099, -1, 129.66977123282692, -1, -1, -1, -1, -1, -1, -1, 219.6899179979234], "IPFAIL": [-1, -1, -1, -1, -1, -1, -1, -1, -1, -1, -1, -1, -1, -1, -1, -1, -1, -1, -1], "LEASEWEB-USA-DAL": [0.9013530880591971, 31.932511551403998, 22.188339538497214, 1.0794836878749658, 1.055467325495156, -1, 20.91202583771482, 30.66785409082465, 126.08054227385733, -1, 127.69686696035036, -1, -1, -1, -1, -1, -1, -1, 211.16354684094213], "CDSC-AS1": [20.027958753803006, 152.85735456834922, 22.184851883125777, 22.614122901913294, 22.614632877824207, -1, 57.072830355694926, 1.549689974411964, 124.05764793181226, -1, 122.85038887698627, -1, -1, -1, -1, -1, -1, -1, 228.43701378368945], "LINODE-AP Linode": [-1, -1, -1, -1, -1, -1, -1, -1, -1, -1, -1, -1, -1, -1, -1, -1, -1, -1, -1], "ENZUINC-": [21.082598313534117, 32.14374094605975, 22.14286937621022, 2.0057497588737214, 2.003587772246057, -1, 21.36456642646406, 140.09543646915276, 120.528910616482, -1, 120.53970445550935, -1, -1, -1, -1, -1, -1, -1, 225.74076426279427], "CHARTER-20115": [13.216083894420608, 45.75860593637486, 32.88082799723386, 13.696480402951318, 12.338220832643014, -1, 37.13040296542131, 11.887582350827902, 132.07986571086417, -1, 131.50546803867428, -1, -1, -1, -1, -1, -1, -1, 238.47103652946677], "AMAZON-02": [2.1328611399602213, 26.95871099539677, 26.283307892724842, 1.1416269028538684, 1.7851385062147815, -1, 33.542489359576244, 2.128158125231355, 120.31061159530229, -1, 120.36534064502513, -1, -1, -1, -1, -1, -1, -1, 224.24724821754026], "NINJA-IX-TRANSIT-CONNECTION": [23.331701084138782, 151.01350968646477, 23.939511851750282, 1.7243096082751712, 1.6814663701653307, -1, 54.40135107655248, 3.1667529857478653, 126.75484198618666, -1, 125.9381719437523, -1, -1, -1, -1, -1, -1, -1, 218.67261302808487], "T-MOBILE-AS21928": [25.275751317218916, 57.81523293232119, 47.469165736646396, 61.909580947514826, 25.4421285506457, -1, 55.158638746886936, 24.985293493775373, 149.60123603222735, -1, 156.61183626611614, -1, -1, -1, -1, -1, -1, -1, 264.45026978561657]}