{"NEXCESS-NET": [21.501963383694413, 163.26766861426324, 8.607845439284617, 0.7238793564210679, 0.675237797016451, -1, 35.58024529166642, 16.18457825570761, 114.53014437556499, -1, 114.26360603204994, -1, -1, -1, -1, -1, -1, -1, 247.98726264658552], "NETHER-NET": [8.248172970024344, 21.11413036813024, 7.70329672363748, 0.6023347512444773, 0.49390882662622965, -1, 95.37554674950393, 7.513188253967859, 109.74756437246201, -1, 108.00659084365498, -1, -1, -1, -1, -1, -1, -1, 233.86717190626598], "WOW-INTERNET": [30.699421559817363, 32.47199632303174, 19.372975907233403, 23.556640430093033, 19.911171337673956, -1, 48.41372331192231, 33.49977643680497, 132.38453618478022, -1, 132.27939640653932, -1, -1, -1, -1, -1, -1, -1, 231.18608193572857], "ATT-INTERNET4": [27.036755308641567, 31.835927974338542, 11.97587418244942, 29.222384907755195, 12.154661158990919, -1, 66.15819920388778, 12.995502532238083, 114.72891850744217, -1, 115.23060810702403, -1, -1, -1, -1, -1, -1, -1, 252.1318978813052], "MERIT-AS-14": [11.802492312990575, 66.93425185578698, 12.20166332824152, 7.452684510184723, 80.52407008194504, -1, 86.63745795902832, 18.872747178702905, 125.4827813979158, -1, 123.21789560092849, -1, -1, -1, -1, -1, -1, -1, 251.02578510393428], "BACOM": [71.56073556911737, 175.6432694142954, 89.75805146310366, 45.60749522067994, 7.270350679156913, -1, 83.56362095446079, 125.9756789378178, 109.59330786107313, -1, 110.55456503860376, -1, -1, -1, -1, -1, -1, -1, 252.28192409061378], "TEKSAVVY": [23.256973009477637, 27.298290449491244, 23.126585174293883, 33.22336702959017, 11.455563489597216, -1, 43.39110602473334, 32.50545292163668, 119.927687883611, -1, 119.92418691100202, -1, -1, -1, -1, -1, -1, -1, 236.81035828340342], "CHARTER-20115": [20.42080299907696, 69.65818304900631, 20.14779634165438, 19.913245990291134, 19.964954511327754, -1, 41.140770781783104, 20.4322468950534, 126.49662336847055, -1, 127.06185345168737, -1, -1, -1, -1, -1, -1, -1, 274.5059083236379], "UMICH-AS-5": [-1, -1, -1, -1, -1, -1, -1, -1, -1, -1, -1, -1, -1, -1, -1, -1, -1, -1, -1], "ROCKCOM-CO": [13.36892807905618, 79.121378110034, 32.47526463430415, 13.111621493297644, 12.97262291632065, -1, 41.70287439389676, 13.369143570966717, 124.97446332870892, -1, 122.9139734553859, -1, -1, -1, -1, -1, -1, -1, 255.58161188164615], "BUCKEYECABLEVISION": [53.279799978300595, 48.884146869574494, 55.576140984303755, 73.76999065189318, 56.08924771237365, -1, 57.398339687443176, 52.99253049953864, 147.81870969990626, -1, 145.0204187066025, -1, -1, -1, -1, -1, -1, -1, 255.84579077331392], "COMCAST-7922": [17.37859533364073, 30.378504791531974, 16.283087606620057, 15.959659142879321, 10.912011088067374, -1, 70.3445944210523, 23.75886310326191, 114.19028951069092, -1, 114.59283786826701, -1, -1, -1, -1, -1, -1, -1, 264.8939484227047], "IPFAIL": [87.29291768190193, 144.27374669044235, 99.42596754986096, 86.41162946745256, 87.5018587416897, -1, 112.83247221075787, 90.2865221373494, 243.61040095083294, -1, 241.16377068167088, -1, -1, -1, -1, -1, -1, -1, 267.5052767272919]}