{"TELUS Communications": [82.26938769585308, 64.28569635810128, 93.67838460439832, 26.084036563425727, 27.030417912615697, -1, 81.65367541435204, 164.2351853714371, 163.7660426953907, -1, 163.05022087494163, -1, -1, -1, -1, -1, -1, -1, 232.39166111535897], "MCSNET": [41.18920818472127, 69.10975017939937, 73.38340383842637, 39.721271486573805, 39.52886997916777, -1, 80.01235696411908, 41.06614214652762, 159.78252315925934, -1, 160.5681462456011, -1, -1, -1, -1, -1, -1, -1, 192.9168159136584], "SPACEX-STARLINK": [49.77787871759139, 73.76137324421319, 78.0592398467579, 50.916840062268086, 50.592970895601894, -1, 171.64178460786923, 50.42803349444368, 209.98989187963093, -1, 208.4022062606483, -1, -1, -1, -1, -1, -1, -1, 234.0502710173345]}