{"FRONTIER-FRTR": [15.582247723677519, 190.28876698888197, 5.920920483462108, 6.480399374036406, 5.990576455055237, -1, 45.8681008429427, 65.17068754415895, 158.78736286375747, -1, 160.89671206120178, -1, -1, -1, -1, -1, -1, -1, 184.76411436425118], "ATT-INTERNET4": [6.27822096383912, 68.02191812144225, 6.62455155485284, 73.50533788307119, 6.105164717978559, -1, 18.249780513248812, 6.782677517117615, 156.87445014872907, -1, 156.77980057495623, -1, -1, -1, -1, -1, -1, -1, 196.95529294257497], "IO": [8.713012648282868, 64.88661860106052, 8.989713142317296, 69.81079299435008, 28.52814932603531, -1, 28.341473805555776, 7.884242443736579, 155.71455469161955, -1, 155.66452918628954, -1, -1, -1, -1, -1, -1, -1, 195.455009764114], "AS-CHOOPA": [0.7760434940224549, 0.8539294846735629, 0.5956274538496403, 0.5421621109531861, 0.9668335158660715, -1, 32.30880150142933, 59.93544114106141, 148.58935371962144, -1, 151.97682571169304, -1, -1, -1, -1, -1, -1, -1, 194.24108744507902], "MARBIS - marbis GmbH": [1.183234555554876, 64.3187470647999, 1.2496301204275906, 1.1958983423692788, 1.0395519769430082, -1, 57.365763256295864, 0.9899612220600305, 152.57760834352138, -1, 151.5933595929159, -1, -1, -1, -1, -1, -1, -1, 178.34367534468376], "GOOGLE-CLOUD-PLATFORM": [1.142237827636109, 62.17236218956144, 11.195843312530627, 3.3782753505661725, 1.3253239069422442, -1, 28.83977877891046, 1.2311982480751444, 156.38592746963099, -1, 156.53310914251833, -1, -1, -1, -1, -1, -1, -1, 177.09842601213], "GWCOMMS-MPLS - Gateway Communications": [0.4812814329804946, 201.79696679281474, 0.5060606419490812, 0.9530942817783906, 0.9450506139358761, -1, 69.22227728836977, 99.94025695056544, 151.79502549409955, -1, 152.98613010683042, -1, -1, -1, -1, -1, -1, -1, 184.64424406897356], "IPFAIL": [14.538934884067139, 72.85971550783864, 26.047995897772108, 1.9598758789279236, 1.7117553056942618, -1, 36.36889202697328, 14.004122942759087, 167.44589802993247, -1, 167.13693545942033, -1, -1, -1, -1, -1, -1, -1, 196.48788640944298], "ULTRADNS": [0.4520154155512626, 61.82223582714283, 0.5230324720151559, 10.231122339771474, 0.8454636027756306, -1, 56.57266952501412, 0.4344862164453195, 162.55814380774953, -1, 157.47727321750233, -1, -1, -1, -1, -1, -1, -1, 174.28944075062142], "T-MOBILE-AS21928": [49.33086697091528, 111.97752707351057, 87.18764001433286, 107.99634207027233, 48.336533104945936, -1, 79.0344413250134, 50.39454454524595, 207.1620653723997, -1, 208.04975413499596, -1, -1, -1, -1, -1, -1, -1, 275.86160179362764], "UCLA": [1.1534718511334259, 1.6336641144970905, 1.4005182188369802, 16.44515644875375, 121.32179760664722, -1, 64.61239548338017, 60.40084158633388, 152.985292808863, -1, 152.53794030932562, -1, -1, -1, -1, -1, -1, -1, 208.57701199260325], "TWC-20001-PACWEST": [15.22982589906337, 15.014860432161056, 15.034470398096031, 36.022060087703586, 31.41766824423148, -1, 43.024194593574094, 15.238665025182582, 170.01995426590614, -1, 169.71303514871457, -1, -1, -1, -1, -1, -1, -1, 199.95373501935677], "CVDN": [0.8833128961214669, 63.78529028670473, 0.6663312876281163, 0.6783870734072018, 0.6594875660209134, -1, 54.08152808910388, 8.433441479224243, 142.197400129552, -1, 142.04138187090774, -1, -1, -1, -1, -1, -1, -1, 180.9766652706302], "ISI-AS": [3.0464368431385473, 36.63612253693419, 2.937831788781925, 2.2683697283015243, 72.30749089519965, -1, 36.09897241205005, 48.29577539519837, 123.70306532121317, -1, 122.31795703356389, -1, -1, -1, -1, -1, -1, -1, 222.32033012168523], "NAIVE-NETWORK - Zhaofeng Li": [17.289037586906502, 17.57461079253057, 17.17444914292394, 17.10714023098354, 17.576337729829454, -1, 48.81443866251621, 76.54221922037874, 164.21158765214375, -1, 161.0689749506, -1, -1, -1, -1, -1, -1, -1, 212.42677700138353], "ASN-CXA-ALL-CCI-22773-RDC": [12.60998284047967, 209.43048351800624, 12.516222409048337, 74.76639367174602, 12.834369602490742, -1, 81.55396379131815, 89.49026509464416, 168.36369226279515, -1, 167.65846467542605, -1, -1, -1, -1, -1, -1, -1, 190.68563457491757], "BAI-IP-SERVICES": [3.5938223045965514, 60.02825839473508, 3.2100416608122795, 3.1045738128701754, 3.2594402865491223, -1, 33.58233505847369, 3.9430565263157895, 159.28972982455963, -1, 156.14508989473683, -1, -1, -1, -1, -1, -1, -1, 178.0835946379379], "CHARTER-20115": [12.502505574457402, 13.6196431583808, 12.222364355463483, 35.53667177339781, 30.582685892806374, -1, 59.43384836883321, 12.624599560165413, 182.42859762010178, -1, 180.7650417284465, -1, -1, -1, -1, -1, -1, -1, 212.17958544559636], "UCINET-AS": [3.019752097904074, 3.579232806496127, 3.200790791061435, 18.147272627478383, 123.47082326383139, -1, 66.91710541119417, 62.42338586708159, 155.25018180672555, -1, 154.27149807901472, -1, -1, -1, -1, -1, -1, -1, 215.18315385497212], "XNNET": [8.19108959495911, 187.6975526167115, 1.4675787816537271, 70.01165720188779, 2.0831397541444074, -1, 60.21355238558955, 175.01257801484783, 165.1168199936682, -1, 165.47857152833453, -1, -1, -1, -1, -1, -1, -1, 181.50469506588436], "EN-15": [0.92094323204489, 0.8765823945674034, 0.5562756427262427, 0.6284737320444747, 0.6468263867381217, -1, 56.94728430709057, 7.716935692909677, 145.86696436371986, -1, 145.8241451590803, -1, -1, -1, -1, -1, -1, -1, 182.57562456215666], "CNSERVERS": [0.9829328994020715, 0.8357574353142272, 0.7873191399645028, 8.47246025414516, 8.443435767034533, -1, 56.6803612444739, 50.33489261095928, 147.78638022974064, -1, 148.89019987753295, -1, -1, -1, -1, -1, -1, -1, 177.208009336557], "DEDIPATH-LLC": [13.95815375414447, 12.232472922191441, 1.917339446592126, 1.9287720722848096, 2.211270171270303, -1, 9.207307635820296, 1.2768407417121543, 165.322951058934, -1, 163.78313333379327, -1, -1, -1, -1, -1, -1, -1, 180.17908033448333], "LEASEWEB-USA-LAX": [0.5390013462263815, 0.7527696579174035, 0.47928108195069036, 1.7980471049732047, 0.6154884875708564, -1, 35.27627383333286, 0.5388010598520717, 148.088641971917, -1, 153.89593569152737, -1, -1, -1, -1, -1, -1, -1, 175.73011419034648], "MULTA-ASN1": [3.797435108425, 5.156799699311028, 4.277452732873932, 3.401766931494624, 3.218988840689384, -1, 62.568801010345936, 11.772955810571586, 153.38051491241384, -1, 148.28836703379287, -1, -1, -1, -1, -1, -1, -1, 181.8072155726434], "ZEN-ECN": [9.692943123073778, 6.087061765585295, 5.400838548194207, 5.945405155740373, 5.354170248447679, -1, 62.87283757517341, 64.50986169724281, 157.40116260229917, -1, 161.30046208971717, -1, -1, -1, -1, -1, -1, -1, 187.4901352933327], "HVC-AS": [28.99404840525477, 58.95230266551415, 1.6433331022085638, 4.928664196865147, 2.1139060216709553, -1, 30.998527266208, 52.09161069563279, 156.6654071209202, -1, 158.56617445689318, -1, -1, -1, -1, -1, -1, -1, 177.24890181742688], "TENCENT-NET-AP-CN Tencent Building": [2.7543675305742044, 75.6284720606892, 10.928217275400968, 1.8244326579303447, 1.4314869650568283, -1, 26.93598378896649, 2.783962238751516, 167.33175220689645, -1, 167.28731403902728, -1, -1, -1, -1, -1, -1, -1, 192.19895023586233], "AMAZON-02": [1.9404283085059317, 27.289844344130778, 1.290794578911441, 2.4057751027593106, 6.83511832436834, -1, 65.25537195310457, 2.112258357011588, 162.7630776452874, -1, 162.8243662583912, -1, -1, -1, -1, -1, -1, -1, 170.18558232690108]}