{"ASN-CASTOR-NETWORKS": [26.131698651365124, 30.921588417591657, 26.838206626390143, 31.889012660182896, 14.829488699068753, -1, 48.15154316435445, 20.880208627774856, 130.10217083796164, -1, 127.71049914213002, -1, -1, -1, -1, -1, -1, -1, 257.6938211875041], "ROGERS-COMMUNICATIONS": [33.19841190692231, 185.79632204991142, 30.178657210617555, 35.62509573889399, 18.595065706045176, -1, 78.6060579074905, 33.09199300334953, 126.83662854391237, -1, 127.47511510372219, -1, -1, -1, -1, -1, -1, -1, 269.9462141053644], "ACN-DIGITAL-PHONE": [40.106247488191535, 37.76254364073943, 34.08493434583153, 39.631213746758014, 19.768065618519568, -1, 57.811754751389074, 136.01059542384172, 121.21244429166478, -1, 121.62004865810191, -1, -1, -1, -1, -1, -1, -1, 277.39359227693245], "AS-CHOOPA": [16.0594056813798, 15.721660358697076, 13.238505859536046, 16.398384504428154, 0.48341241756360337, -1, 63.27272715969134, 14.324649493343184, 108.5418445406854, -1, 107.8313103063185, -1, -1, -1, -1, -1, -1, -1, 223.6360435752558], "CREEPERHOSTLTD-AS - CreeperHost LTD": [10.461980217434181, 18.10419323032259, 11.840161346819208, 17.40202931144208, 0.6921204379399403, -1, 33.315490179135566, 15.124777479354236, 99.79062312974067, -1, 99.68974937003838, -1, -1, -1, -1, -1, -1, -1, 250.81337172781073], "FREE RANGE CLOUD": [17.365709366332005, 18.338577804911427, 14.174688085730896, 19.603444069563107, 1.3924155366141213, -1, 44.24300516761398, 119.2958585035255, 108.11777003300674, -1, 108.61053314370366, -1, -1, -1, -1, -1, -1, -1, 260.40960051659715], "GOCODEIT-EDGE": [18.680757866070813, 164.3214282143908, 13.819489411996466, 19.403516234248773, 0.8708443023838665, -1, 37.873714057488506, 119.85705480888383, 104.19599084002192, -1, 104.05717241101233, -1, -1, -1, -1, -1, -1, -1, 254.0810666920809], "UTORONTO-AS": [12.214125603219905, 84.76362726685807, 15.02651636421996, 20.577549845880228, 85.01841954829355, -1, 89.4174536747101, 26.345390038507368, 105.98509326101227, -1, 105.96683198556902, -1, -1, -1, -1, -1, -1, -1, 227.0690998752671], "DIGITALOCEAN-ASN": [12.23528017126163, 22.83997119080758, 12.345181338673314, 19.600516658310084, 0.8307609282724239, -1, 67.85991496437919, 107.85852634771149, 105.6068066428584, -1, 105.20794219767895, -1, -1, -1, -1, -1, -1, -1, 233.74433928377456], "WATERLOO-INTUITION": [17.870678458593478, 167.2747427169351, 13.451853400096933, 19.03104790338787, 0.35493271945595767, -1, 37.0743976728482, 106.46654553674904, 105.85144905349773, -1, 108.70867592084721, -1, -1, -1, -1, -1, -1, -1, 231.28070275465865], "HWS": [18.2234221540695, 164.71350335410608, 14.04693236894602, 21.118615188890733, 1.1380400164729658, -1, 38.59573764052042, 125.04912824187966, 110.8603534497269, -1, 108.33641837445441, -1, -1, -1, -1, -1, -1, -1, 255.228940969982], "TWC-11351-NORTHEAST": [54.66627174665305, 81.55476206468065, 28.973558160664563, 30.36722607282925, 30.50097977412378, -1, 95.70312073210994, 58.21066412476957, 133.0167132910898, -1, 136.5187006229229, -1, -1, -1, -1, -1, -1, -1, 253.8881531929832], "E-GATE-COMMUNICATIONS": [36.332493427415784, 38.24781448799625, 30.839103293166783, 44.438866041608826, 22.971058244230736, -1, 55.333919492844046, 45.1773340378576, 135.84566005586336, -1, 133.7409002423826, -1, -1, -1, -1, -1, -1, -1, 245.39525352697143], "COGECOWAVE": [25.722894975235246, 29.45081084624937, 26.738446998769835, 33.787961750154786, 14.166773075491724, -1, 48.78052346786651, 123.45814393178077, 116.1738845826787, -1, 116.47127866458779, -1, -1, -1, -1, -1, -1, -1, 259.39753441778265], "BACOM": [45.69596125013406, 176.70859681343293, 53.566549474854895, 44.88297200609528, 7.591546552682881, -1, 83.91325479970212, 125.23971401221311, 110.84482357978506, -1, 111.46218473327586, -1, -1, -1, -1, -1, -1, -1, 262.95464421950476], "START-": [34.62245276205154, 43.165074954901755, 39.487512290542035, 34.02720763321839, 25.601124484200355, -1, 76.28641609988632, 34.58322535626951, 124.75259107330594, -1, 124.28740469363727, -1, -1, -1, -1, -1, -1, -1, 251.39610821841953], "TEKSAVVY": [18.434020914935974, 22.21730540628021, 18.404210349029647, 29.635060760386878, 7.356574257155676, -1, 39.53716139349944, 29.038917744813435, 118.53987956915492, -1, 119.03669893868135, -1, -1, -1, -1, -1, -1, -1, 247.8366058227138], "METROLOOP": [15.37073341124867, 19.124840453665712, 16.63597046818799, 21.403609893730295, 4.088983840479258, -1, 38.39675669824924, 19.320251959889752, 106.443680354081, -1, 108.60836602466756, -1, -1, -1, -1, -1, -1, -1, 251.01308533840466], "AS-AKN": [11.967628480406221, 16.067319183956172, 14.022888776855448, 19.885688884277997, 0.9109206454585067, -1, 36.05437278791925, 6.279223350391008, 107.42502124988546, -1, 105.85050690825439, -1, -1, -1, -1, -1, -1, -1, 244.0911441848759], "EBOX": [50.903213734442296, 24.837704424954286, 15.85467679281602, 7.98521821408826, 7.926218001842284, -1, 46.365630395951065, 28.500892582411335, 118.64010887522912, -1, 116.07911653959387, -1, -1, -1, -1, -1, -1, -1, 261.9206792458563], "ORACLE-BMC-31898": [16.020631479843058, 16.127826384048106, 12.77264136168693, 19.14667886952487, 1.1723887111572622, -1, 64.86586234531984, 19.39776991447649, 104.63408041747223, -1, 108.25906544141166, -1, -1, -1, -1, -1, -1, -1, 223.5929964238027], "UWATERLOO": [-1, -1, -1, -1, -1, -1, -1, -1, -1, -1, -1, -1, -1, -1, -1, -1, -1, -1, -1], "RITSNET": [17.872539466391995, 164.35682829834317, 13.66170415930012, 19.248919730288385, 0.9226425744586455, -1, 37.18701012384939, 111.60182997513819, 103.53267888121589, -1, 103.51335494682269, -1, -1, -1, -1, -1, -1, -1, 253.78645304419902], "LINODE-AP Linode": [11.651274337477078, 22.713906249196814, 13.832918401379574, 19.379938939687026, 0.9646363080103588, -1, 35.41847319981479, 12.13365459438272, 109.90824322835941, -1, 109.77917282965043, -1, -1, -1, -1, -1, -1, -1, 224.97856604143638], "MICROSOFT-CORP-MSN-AS-BLOCK": [18.62035894889503, 65.6625561813999, 16.661625973296537, 9.511483898713113, 2.110738806630663, -1, 56.59689087108638, 18.6315153683232, 102.95525140745768, -1, 102.64858076611345, -1, -1, -1, -1, -1, -1, -1, 234.92012323112104], "IWEB-AS": [43.71944235451103, 162.56064447747045, 9.252362717700974, 1.1437777988027622, 1.0571229907924027, -1, 34.164913118323504, 104.80488020994392, 99.19403375828567, -1, 100.03250505432788, -1, -1, -1, -1, -1, -1, -1, 245.4648695674502], "OVH - OVH SAS": [9.125904221915068, 42.350971222143535, 8.989962681399703, 1.5731007384921256, 1.60161388121478, -1, 39.723197132595445, 108.03614468669583, 97.52066516758816, -1, 93.96575005801142, -1, -1, -1, -1, -1, -1, -1, 248.16909784344867]}