{"COMCAST-7922": [40.000101783471166, 46.53648407529176, 44.80449228628446, 27.514683855325682, 15.78192587268616, -1, 69.15750332459615, 20.376374301445754, 135.2536482611128, -1, 136.73860461811344, -1, -1, -1, -1, -1, -1, -1, 237.22703586349482], "ATT-INTERNET4": [13.211831518531561, 44.48347234704041, 35.48419215345407, 41.39775679080199, 12.304179882189962, -1, 42.20202416988752, 40.12788983572934, 137.09889512774623, -1, 137.39336508013434, -1, -1, -1, -1, -1, -1, -1, 229.40789855175464], "CHARTER-20115": [20.478184759131214, 55.560689928704676, 39.32880822314777, 18.731645600462073, 18.70789281898209, -1, 43.770407970831045, 18.241547299075428, 155.8444998412038, -1, 156.2824839310186, -1, -1, -1, -1, -1, -1, -1, 245.98434034490674], "SUDDENLINK-COMMUNICATIONS": [15.604887509261111, 47.514441044444155, 35.86053564537282, 48.61737511944306, 15.17063613055415, -1, 42.30208310046363, 15.701595791201798, 140.2149848731504, -1, 140.68084423240762, -1, -1, -1, -1, -1, -1, -1, 241.43390186246071], "TACH": [29.58494527916634, 39.652623107101995, 29.961169969025534, 7.181364696023169, 7.881785290338223, -1, 45.40291194336537, 8.116939542533506, 127.73753734858849, -1, 126.89162423324206, -1, -1, -1, -1, -1, -1, -1, 216.56003801539248], "ALLNEINS": [6.133834742658182, 121.79754523263264, 22.477503340791323, 26.7664836918411, 1.7671373832155242, -1, 22.03983744032771, 108.64445883379993, 104.35336598741152, -1, 103.68018606200468, -1, -1, -1, -1, -1, -1, -1, 174.98682870460823], "AMAZON-02": [10.390105484511658, 25.7109059764208, 33.10737801248223, 10.084288991679745, 14.3293316116484, -1, 32.26728885159582, 10.382468806287106, 118.53593613961812, -1, 118.55523156357059, -1, -1, -1, -1, -1, -1, -1, 268.96835257142817]}