{"ATT-INTERNET4": [31.16457699721992, 30.584776094807534, 34.58445385025354, 25.436903991654948, 11.644600180805135, -1, 64.0481256576265, 20.765354339826544, 124.97916310524006, -1, 126.20188259212999, -1, -1, -1, -1, -1, -1, -1, 241.51935536068547], "COMCAST-7922": [31.943768076852656, 39.48694795039431, 41.94335586369944, 15.62754786138121, 9.70807767593823, -1, 75.49555373310062, 17.185526091665288, 126.85030367083374, -1, 125.9141359268515, -1, -1, -1, -1, -1, -1, -1, 280.7201234189807], "ASN-CXA-ALL-CCI-22773-RDC": [35.484288608795254, 181.38016232662025, 34.45450234675844, 47.14769989606267, 16.804414229629458, -1, 35.015085249304995, 130.80192306203892, 121.03172759930418, -1, 121.09456946064702, -1, -1, -1, -1, -1, -1, -1, 254.94664292777728], "SBA-EDGE-JAX": [7.072455811109855, 20.696839312963085, 37.138653180555146, 1.0217197446755546, 0.9864464916654159, -1, 8.235136355786798, 8.35815777962792, 125.29311851388793, -1, 128.24675488072276, -1, -1, -1, -1, -1, -1, -1, 231.41476104490857]}