{"COMCAST-7922": [37.820038192003054, 56.47417722719356, 35.19490938019186, 34.77486868555281, 12.516345516121909, -1, 13.727557331310972, 27.541512158097106, 143.09628666601822, -1, 143.4121395547736, -1, -1, -1, -1, -1, -1, -1, 233.89287436419983], "EDGECAST": [25.9400127100596, 65.71245802356955, 23.75958461302672, 14.661207472501284, 0.4713088098662358, -1, 29.959075346076574, 15.769048677271348, 137.9483365459081, -1, 137.93937825406138, -1, -1, -1, -1, -1, -1, -1, 215.48650678895427], "WEHOSTWEBSITES-COM": [22.614644653863294, 36.41785421049017, 26.24828863038839, 46.32095088362113, 3.7054677254546666, -1, 2.1436343103456212, 1.6701296330446695, 137.48969750672066, -1, 136.38933623233353, -1, -1, -1, -1, -1, -1, -1, 196.9681776333086], "COL-LPC": [31.528315834597255, 38.10885695285688, 27.14026561564776, 30.983558991346303, 30.74626439679039, -1, 3.930061593254167, 31.257554660447006, 131.9763779883732, -1, 134.21662583603703, -1, -1, -1, -1, -1, -1, -1, 198.64701365747743], "SPACEX-STARLINK": [69.74478979935103, 96.08928692256045, 73.23877082270154, 61.16716237517314, 47.76170012852567, -1, 48.32907695469344, 64.75622099815088, 186.07249790221695, -1, 186.77759354600133, -1, -1, -1, -1, -1, -1, -1, 247.69720828132117], "CENTURYLINK-US-LEGACY-QWEST": [35.474745201324986, 43.428615382494655, 34.209013518820164, 53.25686941396074, 65.88555287341342, -1, 74.39821283365886, 24.800994417062125, 146.74769593952956, -1, 146.3684974824116, -1, -1, -1, -1, -1, -1, -1, 208.17651763812069], "FORT-COLLINS-CONNEXION": [26.010130597317723, 44.34548001111051, 27.530668381943673, 5.268546981031085, 4.652994555632824, -1, 4.692731313454161, 4.237380756818455, 135.1297098448904, -1, 136.32866702901075, -1, -1, -1, -1, -1, -1, -1, 205.6633514050424], "COLORADO-AS": [24.122377732405823, 39.619584752659634, 25.600316278317457, 42.923546636152636, 104.86645801918652, -1, 93.42186307073621, 39.65870606241321, 137.32039825843768, -1, 138.0650052371721, -1, -1, -1, -1, -1, -1, -1, 230.88600632131204], "AMAZON-02": [26.000810321775344, 44.684656397968375, 24.03452027008311, 1.5029366816707757, 1.4933936168056772, -1, 1.1267567880883649, 25.995036564635047, 158.18517686638742, -1, 158.22238641285213, -1, -1, -1, -1, -1, -1, -1, 209.1203533092918]}