{"FRONTIER-FRTR": [15.638145324340867, 190.68645910292568, 5.860087869756417, 6.2139409668741745, 5.789562950737725, -1, 46.07573387767222, 64.87944771876562, 158.87111829765743, -1, 160.57783242855646, -1, -1, -1, -1, -1, -1, -1, 184.52795950711908], "ATT-INTERNET4": [7.550772147427014, 69.23872026943289, 6.569393621666356, 72.35179412537639, 6.138670797222996, -1, 13.457737085176161, 6.658474826983376, 157.96197091070462, -1, 157.25028636040622, -1, -1, -1, -1, -1, -1, -1, 202.2857036844292], "IO": [8.72058777037555, 64.95539557496184, 8.992661043041736, 69.78834671856985, 30.063500351190026, -1, 28.52124826285757, 7.883658872141133, 155.6111532483335, -1, 155.60004944607846, -1, -1, -1, -1, -1, -1, -1, 195.45004497019445], "AS-CHOOPA": [0.7760510254219535, 0.8724858789391804, 0.6080923164402566, 0.5386785463820637, 0.972080673071246, -1, 32.523940967780845, 59.936095305240144, 148.86641778742865, -1, 152.5498510660409, -1, -1, -1, -1, -1, -1, -1, 194.27700422798182], "MARBIS - marbis GmbH": [1.1776633977374629, 64.25365125560724, 1.2452884616193205, 0.9688593246812218, 1.0292847977638722, -1, 57.42955623423379, 0.9905353046914085, 153.23661448033238, -1, 151.25372143264428, -1, -1, -1, -1, -1, -1, -1, 178.33616188455457], "GOOGLE-CLOUD-PLATFORM": [1.1384212809868155, 61.79857734416557, 11.199777616027289, 2.2817304965888865, 1.3070706559457592, -1, 29.201894221739558, 1.216507676683548, 156.37998961702053, -1, 156.48230925759603, -1, -1, -1, -1, -1, -1, -1, 177.1040638198856], "GWCOMMS-MPLS - Gateway Communications": [0.4777878006631383, 202.78664073939822, 0.5054990492067425, 0.48246100922547963, 0.47652509267148874, -1, 69.27789414420666, 100.67604438156116, 150.79012109375122, -1, 151.71999388017406, -1, -1, -1, -1, -1, -1, -1, 184.5369107531921], "IPFAIL": [14.567041991140405, 72.80244605133467, 26.08495864886777, 1.7178834526332116, 1.7016604724973894, -1, 36.55534561286917, 15.216322806529849, 168.7605142173588, -1, 168.18372830712536, -1, -1, -1, -1, -1, -1, -1, 196.8704937904093], "ULTRADNS": [0.45449046587507447, 60.90692166122639, 0.5233787349148366, 10.227570755685893, 0.84636527200905, -1, 56.71369659347314, 0.43770643635453194, 162.65689065125684, -1, 157.55978760601027, -1, -1, -1, -1, -1, -1, -1, 174.28784308395134], "T-MOBILE-AS21928": [50.97095562056285, 112.19536515374052, 88.76050221052735, 108.00634175715655, 48.77066358356371, -1, 79.13602326223685, 51.466120151431554, 208.7132662391514, -1, 208.27778546998903, -1, -1, -1, -1, -1, -1, -1, 277.08430528999384], "UCLA": [1.1591267996311645, 1.697106793628947, 1.4134827940914136, 17.757607839336014, 121.33622228070116, -1, 64.67217114615048, 60.442164443983266, 152.98719876256308, -1, 152.54008095251316, -1, -1, -1, -1, -1, -1, -1, 208.5610539847873], "TWC-20001-PACWEST": [15.364226255658934, 15.332724969945277, 15.178284060371778, 36.819457499980736, 37.3356914073201, -1, 43.58764280643618, 15.34768082205809, 169.31082580559442, -1, 168.5890670236923, -1, -1, -1, -1, -1, -1, -1, 201.6859549122394], "CVDN": [0.8726764344401668, 61.63126431904155, 0.666232896727801, 0.6763583176576764, 0.6485281378518668, -1, 54.20429622498864, 8.369586934532094, 142.23482520470256, -1, 141.7842744153984, -1, -1, -1, -1, -1, -1, -1, 180.97417133563656], "ISI-AS": [3.0325334455205972, 36.65459523635088, 2.95940583552156, 1.7257615411194898, 72.35073693872502, -1, 36.11073703363364, 48.27145567703188, 124.88264508707609, -1, 123.11214337836938, -1, -1, -1, -1, -1, -1, -1, 223.49355333137586], "NAIVE-NETWORK - Zhaofeng Li": [17.287804915167904, 17.576507264732893, 17.17279594521203, 17.112104680020714, 17.579111604511603, -1, 48.970921405616224, 76.59682685635461, 165.71025557942065, -1, 161.7821922564457, -1, -1, -1, -1, -1, -1, -1, 212.3554474153984], "ASN-CXA-ALL-CCI-22773-RDC": [12.530161349447651, 210.470990490101, 12.57239104650028, 75.38989020672216, 12.821267385355927, -1, 81.4746904719144, 89.48892944383041, 168.5932826652855, -1, 167.8368041256904, -1, -1, -1, -1, -1, -1, -1, 190.67448132504515], "BAI-IP-SERVICES": [3.4872641992717406, 61.142100242258486, 3.265088500908746, 3.094081331512568, 3.1392244298737704, -1, 33.59535679416941, 3.3900901748650285, 160.21042166848693, -1, 156.6985595792366, -1, -1, -1, -1, -1, -1, -1, 178.03826026268212], "CHARTER-20115": [12.536879148733803, 13.67237194291147, 12.244933369705096, 37.10448286118788, 35.11363769498117, -1, 56.618092701656764, 12.637257130063402, 181.62405644682252, -1, 179.9988144485763, -1, -1, -1, -1, -1, -1, -1, 212.20262867425268], "UCINET-AS": [3.011288467356965, 3.5690436765520674, 3.180131197930895, 20.053108567356784, 123.46231403781579, -1, 67.02423402229759, 62.42087485540251, 155.2581689459765, -1, 154.25999082988523, -1, -1, -1, -1, -1, -1, -1, 215.17107242505722], "XNNET": [7.814715977931661, 188.409570706982, 1.388661977701998, 67.97033796724124, 2.052698522759378, -1, 60.310431349310605, 173.68862153149462, 163.65336976034388, -1, 163.86568577969248, -1, -1, -1, -1, -1, -1, -1, 181.5015271514952], "EN-15": [0.9257440711670799, 0.8763337433424232, 0.5564204040407712, 0.6236175218391727, 0.6219753126409651, -1, 57.09273258758647, 7.716380134253373, 145.8678720620688, -1, 145.8244466032189, -1, -1, -1, -1, -1, -1, -1, 185.008756508967], "CNSERVERS": [0.987966866621624, 0.8356372688257573, 0.7885223999092279, 8.655480536732641, 8.617691300274796, -1, 56.83622639715261, 50.35132510652122, 150.6163426460049, -1, 149.7169662589547, -1, -1, -1, -1, -1, -1, -1, 177.20895084986316], "DEDIPATH-LLC": [13.929133887053979, 12.236542595040504, 1.9192695578498615, 1.6203574237847114, 1.50324492286515, -1, 9.676673887742146, 1.2837935945812675, 165.13990860238897, -1, 163.97382036317728, -1, -1, -1, -1, -1, -1, -1, 180.2184408321849], "LEASEWEB-USA-LAX": [0.540269676310331, 0.754231759410881, 0.48002557254283706, 0.5888218994493116, 0.6935174696999995, -1, 35.29833865886154, 0.5401852502283749, 146.6027688939406, -1, 153.81278007851185, -1, -1, -1, -1, -1, -1, -1, 175.67709482301845], "MULTA-ASN1": [3.7849236567946214, 4.868732421718039, 4.256854938936224, 3.2981168438931103, 3.217847107667494, -1, 62.52315097658528, 11.819478425159648, 153.42476383677683, -1, 148.06777375034395, -1, -1, -1, -1, -1, -1, -1, 183.42584578381462], "ZEN-ECN": [9.498054649679146, 6.096332246615685, 5.373963551043499, 5.7005181108060485, 5.385890169075564, -1, 62.9982305872911, 64.50268882312493, 156.42770650057437, -1, 161.29670811187492, -1, -1, -1, -1, -1, -1, -1, 187.50635609176354], "HVC-AS": [29.26357809287395, 59.013377471725036, 1.6553256993097931, 3.9694804151720025, 2.18062161931255, -1, 31.319966376433992, 52.97023890829933, 156.73504894910582, -1, 159.1923393986201, -1, -1, -1, -1, -1, -1, -1, 177.41378561333272], "TENCENT-NET-AP-CN Tencent Building": [2.7668933772883233, 75.459775763411, 10.948106549288307, 1.8231133415855556, 1.4370046157722147, -1, 26.90258056533716, 2.786942863365611, 167.32716070563896, -1, 167.28225227968892, -1, -1, -1, -1, -1, -1, -1, 192.17430085531126], "AMAZON-02": [1.9535780888890737, 27.26835361901412, 1.2811931699885906, 1.294473402930564, 8.14376573260097, -1, 65.42895840018427, 2.0903727795331086, 162.76177428087072, -1, 162.80737025773243, -1, -1, -1, -1, -1, -1, -1, 170.16037482359673]}