{"RadioMovil Dipsa": [125.34530942708294, 145.1865918101832, 183.50746825925938, 146.3775110335641, 134.565952268518, -1, 145.28721105902818, 152.5047451342608, 237.142384156253, -1, 236.2297083402808, -1, -1, -1, -1, -1, -1, -1, 349.6125787997691], "Cablemas Telecomunicaciones SA de CV": [94.31642097916465, 63.30349102225272, 79.80525342373788, 62.846921197917354, 62.84881504398233, -1, 63.10424775694359, 93.55061317129781, 150.66341386689882, -1, 150.59241746990793, -1, -1, -1, -1, -1, -1, -1, 263.9749202939825], "UNIVERSIDAD AUTONOMA DE YUCATAN": [43.44964742037098, 71.29161900601791, 72.2499345548616, 67.43240120324143, 63.032273580093495, -1, 62.711303087498294, 69.8035668141218, 161.91255286713073, -1, 175.34846601828795, -1, -1, -1, -1, -1, -1, -1, 280.19775408460407], "Uninet S.A. de C.V.": [42.040046634765694, 71.83109648358683, 65.60807883541462, 68.65048446555839, 58.51661469579365, -1, 64.17788636800717, 73.40623568839672, 149.29153076930152, -1, 149.79549980073784, -1, -1, -1, -1, -1, -1, -1, 264.661014373556]}