{"ASN-CASTOR-NETWORKS": [26.12173672276052, 30.682893258795417, 26.813858888890287, 31.888440215275814, 14.814366563420691, -1, 48.11378919861347, 20.880000982867497, 130.03926416018368, -1, 127.71997505324087, -1, -1, -1, -1, -1, -1, -1, 257.6978944333373], "ROGERS-COMMUNICATIONS": [33.18551017383104, 185.88361268554812, 30.183705798103716, 35.62915452255514, 18.615648605301608, -1, 78.60724896571332, 33.096933446908814, 126.85409603764236, -1, 127.48002856393803, -1, -1, -1, -1, -1, -1, -1, 269.9709637188052], "ACN-DIGITAL-PHONE": [39.97076239135159, 37.70044371851736, 34.08311141434984, 39.713963632405935, 19.58384158240846, -1, 57.89913361250034, 136.03939151828615, 121.25199310092434, -1, 121.46143529236107, -1, -1, -1, -1, -1, -1, -1, 277.2593101299146], "AS-CHOOPA": [16.06025549819247, 15.721679955251334, 13.239485633165978, 16.39814747547366, 0.48370033835807597, -1, 63.268148112553504, 14.322912661246637, 108.53836706759643, -1, 107.83186335189113, -1, -1, -1, -1, -1, -1, -1, 223.64624273773524], "CREEPERHOSTLTD-AS - CreeperHost LTD": [10.462146299602834, 18.10483576385043, 11.840544353081494, 17.40238615146905, 0.6925696171193696, -1, 33.315057414634445, 15.126673465759373, 99.78363614321327, -1, 99.68277607886768, -1, -1, -1, -1, -1, -1, -1, 250.81157405113083], "FREE RANGE CLOUD": [17.364873648997285, 18.33750199230188, 14.17432635150932, 19.60338871858691, 1.3916179499046997, -1, 44.24325690648569, 119.28317162018745, 108.11167171505514, -1, 108.59688845499502, -1, -1, -1, -1, -1, -1, -1, 260.4095192296924], "GOCODEIT-EDGE": [18.681513168901176, 164.46131203125125, 13.819161166175817, 19.403853104167222, 0.8669638422114163, -1, 37.87323493141679, 119.80664539580327, 104.16007354166926, -1, 104.01192315214149, -1, -1, -1, -1, -1, -1, -1, 254.0813486112801], "UTORONTO-AS": [12.216072145742505, 84.76556490462634, 15.040783886828818, 20.572213418147232, 85.0250433013485, -1, 89.41560429240604, 26.336156948064424, 105.97893537123268, -1, 105.95818988100324, -1, -1, -1, -1, -1, -1, -1, 227.06624119667435], "DIGITALOCEAN-ASN": [12.235669648254524, 22.829385256910236, 12.345183853993511, 19.601098757892178, 0.8308561223299451, -1, 67.87237711402348, 107.85647107559406, 105.62917105249473, -1, 105.2247111915591, -1, -1, -1, -1, -1, -1, -1, 233.74078652568602], "WATERLOO-INTUITION": [17.869775667704673, 167.3423300941924, 13.451052995606886, 19.02970121041897, 0.3545242850669683, -1, 37.07427206604658, 106.46638250778797, 105.8517744848014, -1, 108.70844559133576, -1, -1, -1, -1, -1, -1, -1, 231.2847968538105], "HWS": [18.22362206064981, 164.828861633285, 14.047285961538183, 21.118110405315946, 1.1387516613375004, -1, 38.59378040774033, 125.05136105697183, 110.87236375469803, -1, 108.32459342573655, -1, -1, -1, -1, -1, -1, -1, 255.22587379928177], "TWC-11351-NORTHEAST": [54.835321754732625, 81.64052536542054, 28.965565307248138, 30.377186850298994, 30.50782946849137, -1, 95.20863040524003, 58.21973040593289, 133.00880668836578, -1, 136.51242387823223, -1, -1, -1, -1, -1, -1, -1, 253.86892059626126], "E-GATE-COMMUNICATIONS": [36.23452499699914, 38.03638771375802, 30.70448850553992, 44.180444972299114, 22.88054972714846, -1, 55.18051431555858, 44.84797937257588, 135.68670324653735, -1, 133.59910625831094, -1, -1, -1, -1, -1, -1, -1, 245.42490638566218], "BACOM": [43.815714781269754, 176.361727142281, 50.880665688207564, 44.954155886761725, 7.463786102969245, -1, 83.65282248072008, 125.08814942892758, 110.62685894449689, -1, 111.2926015725106, -1, -1, -1, -1, -1, -1, -1, 262.38441026298307], "COGECOWAVE": [25.708683648832285, 29.474750093481802, 26.731030834102107, 33.78409066097886, 14.16534162069463, -1, 48.78801716620594, 123.42297560278385, 116.02672440778262, -1, 116.47365047514494, -1, -1, -1, -1, -1, -1, -1, 259.3787300012311], "START-": [31.762460007007128, 40.9587490817161, 36.84579496645101, 30.289266600031233, 22.876779193599504, -1, 79.5731033360268, 31.034088354801373, 121.66137547152934, -1, 121.04253016066441, -1, -1, -1, -1, -1, -1, -1, 247.81454917620448], "EASTLINK-HSI": [24.962633369296142, 29.664270605808465, 33.02416204748821, 23.260098982480127, 15.143986023974552, -1, 45.232532329644556, 35.50325632226709, 112.53735085292513, -1, 112.99542652881476, -1, -1, -1, -1, -1, -1, -1, 262.593521361917], "TEKSAVVY": [18.407579049099464, 22.190457709142684, 18.390542985706787, 29.63567695343392, 7.310753501613137, -1, 39.480164600046045, 29.062661172660043, 118.53827145712151, -1, 119.01584890779164, -1, -1, -1, -1, -1, -1, -1, 247.91464980332307], "METROLOOP": [15.33754965881771, 19.118171435224216, 16.647970218302927, 21.414582567082025, 4.082179436375938, -1, 38.35973869640511, 19.324042224988926, 106.33809181650588, -1, 108.52208671945772, -1, -1, -1, -1, -1, -1, -1, 251.01485454719148], "AS-AKN": [11.968508915630148, 16.067103435684796, 14.023179254956009, 19.88455815905906, 0.9112510571688803, -1, 36.024235496079676, 6.278699144766527, 107.42475941309411, -1, 105.85114197280049, -1, -1, -1, -1, -1, -1, -1, 244.07832798708895], "EBOX": [50.89917342265455, 24.83423390285498, 15.854061276701929, 7.998456704419889, 7.926034767956232, -1, 46.36214089457, 28.497454001840477, 118.62224735082772, -1, 116.06819544981482, -1, -1, -1, -1, -1, -1, -1, 261.9199258162985], "ORACLE-BMC-31898": [16.0215856814094, 16.14105132134637, 12.772693878976133, 19.14695942438897, 1.1727713967266955, -1, 64.86296887191826, 19.398489027854428, 104.63410404028434, -1, 108.259327942563, -1, -1, -1, -1, -1, -1, -1, 223.58291573733885], "UWATERLOO": [-1, -1, -1, -1, -1, -1, -1, -1, -1, -1, -1, -1, -1, -1, -1, -1, -1, -1, -1], "RITSNET": [17.87277033747832, 164.47797542679626, 13.661607734806749, 19.248997628450965, 0.9232742596689236, -1, 37.18717827816119, 111.60125828965509, 103.53254565517325, -1, 103.51216142886663, -1, -1, -1, -1, -1, -1, -1, 253.7862782265196], "LINODE-AP Linode": [11.649456669889785, 22.714748975139358, 13.837278348987555, 19.379960724137813, 0.9646788455165514, -1, 35.42564119428991, 12.1327834023935, 109.90278078406841, -1, 109.7726529069986, -1, -1, -1, -1, -1, -1, -1, 224.98369679972367], "TENCENT-NET-AP-CN Tencent Building": [16.574611924032716, 25.54777523494169, 16.219175754021656, 19.599765470804833, 2.168738275863034, -1, 39.42177386740249, 41.696714502303884, 112.79076545073671, -1, 114.20462284484634, -1, -1, -1, -1, -1, -1, -1, 222.3572711491709], "MICROSOFT-CORP-MSN-AS-BLOCK": [18.62182082320442, 65.71318547698016, 16.664703242633824, 9.510107110959662, 2.1103470842551104, -1, 56.646935887660945, 18.629945578267947, 102.95243574171162, -1, 102.65004658022916, -1, -1, -1, -1, -1, -1, -1, 234.9069828878139], "IWEB-AS": [43.71793868646336, 162.681461506896, 9.252192903448146, 1.1437492371082874, 1.0570755184167115, -1, 34.164986773479995, 104.80385409793004, 99.15498611723989, -1, 100.01772536919532, -1, -1, -1, -1, -1, -1, -1, 245.46181904942628], "OVH - OVH SAS": [9.120417644597667, 42.348780511951865, 8.989413744475256, 1.574518463450206, 1.5872087554013805, -1, 39.72217780137821, 108.04359318230058, 97.50993286988583, -1, 93.91005774942619, -1, -1, -1, -1, -1, -1, -1, 248.1749304829888]}