{"AS-ANEXIA - ANEXIA Internetdienstleistungs GmbH": [28.661623251265826, 62.38106031698185, 25.331496335491657, 51.14084825426823, 16.60654055739309, -1, 55.8767469654479, 55.5745490847129, 147.50523834774052, -1, 151.33093759917242, -1, -1, -1, -1, -1, -1, -1, 294.8828847405483], "Uninet S.A. de C.V.": [47.5201143099528, 102.1764745189808, 48.01557990648155, 57.772538106018665, 62.261842618055695, -1, 109.05795526736073, 47.73308439629567, 196.3335873458313, -1, 198.1358110365729, -1, -1, -1, -1, -1, -1, -1, 221.2282317782407], "NTL - Virgin Media Limited": [25.79904896157319, 29.316744320601973, 29.46173093657405, 22.33098405532512, 14.869522440973894, -1, 25.06970125115638, 23.24902057499917, 38.134918211113494, -1, 39.224378731480705, -1, -1, -1, -1, -1, -1, -1, 261.3611733250026], "Universidad Nacional Autonoma de Mexico": [57.53887839725612, 57.17110276964227, 56.83402662482536, 48.38953975558602, 22.565011764432263, -1, 72.79467686103251, 47.99662031540906, 160.19333117154744, -1, 164.10903724779243, -1, -1, -1, -1, -1, -1, -1, 243.66412877963572], "TOTAL PLAY TELECOMUNICACIONES SA DE CV": [58.10346563694146, 60.519972345131045, 53.87262352903024, 42.39322765880082, 5.989462082119156, -1, 78.35467049224978, 41.85574874305576, 153.32718406615757, -1, 153.52889046102214, -1, -1, -1, -1, -1, -1, -1, 231.12143079699106], "ZEN-ECN": [27.033924045770707, 173.41277454253373, 3.126422630090833, 51.48283491805511, 1.783280926621667, -1, 48.027961680090975, 153.90489208009552, 143.71038418750047, -1, 143.56023840314438, -1, -1, -1, -1, -1, -1, -1, 247.8590914646293], "AS-CHOOPA": [25.453435465788193, 46.21673339274208, 56.3281883444271, 48.41302763060638, 11.919080984283775, -1, 50.61105283125327, 53.43223104646286, 147.95360772907972, -1, 145.95013459616192, -1, -1, -1, -1, -1, -1, -1, 234.53634850300577], "Corporacion Universitaria para el Desarrollo de Internet": [28.148804159502482, 58.88237211303701, 64.29517306033215, 11.0709216749871, 8.345362524735785, -1, 47.67417419440745, 28.155065490523025, 147.3098957822462, -1, 147.29051313014313, -1, -1, -1, -1, -1, -1, -1, 234.81001562852433], "Cablevision": [58.712942843259476, 65.20041151618024, 76.15450503166863, 41.42590418030473, 20.7517818576043, -1, 54.475205236842974, 41.6254699307478, 154.13445105493955, -1, 168.08547549561408, -1, -1, -1, -1, -1, -1, -1, 247.26030667913247]}