{"Network Information Center Mexico": [36.27492079990138, 73.78799523555223, 26.144250166416633, 50.5698239294167, 35.75166551282936, -1, 64.38112192349878, 74.33638625809184, 171.04488179328595, -1, 174.3912698201758, -1, -1, -1, -1, -1, -1, -1, 236.3707968498546], "Television Internacional": [29.754430948031676, 173.13545631053188, 29.356092566203987, 57.095190970370005, 22.085260779862097, -1, 50.50466211319415, 164.36649049502228, 148.71053389155156, -1, 150.56254830150573, -1, -1, -1, -1, -1, -1, -1, 242.73981054861036], "Uninet S.A. de C.V.": [36.514720064440624, 91.22588077399223, 35.55912124176996, 47.656933648355626, 36.7961203254516, -1, 75.12011109040263, 36.05300389861307, 181.79967791250047, -1, 186.08417319070819, -1, -1, -1, -1, -1, -1, -1, 206.8576132753112]}