{"AS-CHOOPA": [2.180915039981148, 64.48368232480685, 1.549620931945145, 1.4898171182126452, 1.6824126418860346, -1, 43.824499651695106, 2.1358726472265963, 87.54570375044011, -1, 86.23208365366439, -1, -1, -1, -1, -1, -1, -1, 241.86949482765155], "PRIMEXM-NETWORKS": [2.0522634642325714, 6.682105126293319, 2.27209205418613, 1.669376821212274, -1.0, -1, 49.00223126154667, 22.433412824901033, 96.89832434474333, -1, 96.910175883433, -1, -1, -1, -1, -1, -1, -1, 226.03390504513797], "GCORE - G-Core Labs S.A.": [1.7365400843264884, 62.4707878240358, 1.7012824895833327, 1.0077641383921128, 1.0552048601196442, -1, 29.243234288691816, 84.90949240246961, 96.8171664459136, -1, 96.40724490538022, -1, -1, -1, -1, -1, -1, -1, 249.56019955800278], "NEPTUNE-NETWORKS": [1.2054798321342448, 6.488763896732847, 0.8213080489903453, 7.0276165917390445, 1.8432682055717564, -1, 26.806161110551365, 1.2486543994040233, 84.48718201633466, -1, 84.50482255654377, -1, -1, -1, -1, -1, -1, -1, 248.9973998120618], "MARBIS - marbis GmbH": [2.106088599500298, 6.88086472626061, 2.074439398701646, 1.7663112225513355, 1.716330124135313, -1, 57.98943198629579, 22.32397276550422, 95.54818742568682, -1, 95.55986107098411, -1, -1, -1, -1, -1, -1, -1, 257.2043909371982], "MISAKA - Misaka Network, Inc.": [1.562054688370543, 62.966991980275886, 0.7608193806265547, 0.6405039012145803, 0.6910245044895409, -1, 69.43371924895284, 1.5299342277436334, 103.41023812014335, -1, 103.34289436427329, -1, -1, -1, -1, -1, -1, -1, 240.13837977863716], "ULTRADNS": [0.6695356797768254, 5.776068964400968, 6.284389483378541, 7.711149839960794, 1.6470455485710003, -1, 41.78217075000003, 18.533423273565894, 105.76618842754588, -1, 105.73433032812592, -1, -1, -1, -1, -1, -1, -1, 255.8914044473697], "DIGITALOCEAN-ASN": [2.132774820828633, 7.9275705658910995, 2.266412370491012, 1.432077787762548, 1.7175167390004864, -1, 45.258953350046724, 2.0390161793392165, 84.71351864288482, -1, 84.84407341864782, -1, -1, -1, -1, -1, -1, -1, 224.05072080159692], "DTAG - Deutsche Telekom AG": [1.6134973165219015, 5.857935157689083, 0.568484038164782, 74.44120359961704, 74.61083718299713, -1, 117.2695407709511, 22.298516267569745, 85.76275082803676, -1, 84.97134783678428, -1, -1, -1, -1, -1, -1, -1, 234.3118694533447], "GALAXYGATE": [1.5246712147039712, 159.80050477010968, 1.1010167574932226, 7.275579443361282, 2.255090059540223, -1, 36.91674074533113, 98.41148244807032, 93.97449739960446, -1, 91.14188951384749, -1, -1, -1, -1, -1, -1, -1, 227.30865971716614], "COMCAST-7922": [24.516161113150428, 23.109557177434016, 19.72312205508142, 17.858697182629125, 16.783364816947604, -1, 55.85776048172926, 18.449481590084464, 108.3191948375636, -1, 108.37035186306711, -1, -1, -1, -1, -1, -1, -1, 219.35181458996811], "ATT-INTERNET4": [11.133417983149231, 10.68732850992596, 4.621903383656095, 5.219855466066968, 5.157064648662739, -1, 70.91089612015169, 4.889665244060685, 95.94460305878316, -1, 95.95410823114089, -1, -1, -1, -1, -1, -1, -1, 249.00663243044986], "CABLE-NET-1": [12.34808134410444, 169.8658365809235, 11.974638508437947, 18.015456963227038, 12.608740980010644, -1, 40.4172970783064, 44.00248947433566, 95.61190262688532, -1, 95.50597857639296, -1, -1, -1, -1, -1, -1, -1, 266.22967874429526], "OPENDNS": [1.590160325035545, 6.095099909635685, 1.3482151152591983, 1.4861328418615478, 2.2818133250461337, -1, 46.99823919152752, 1.6037391217156296, 84.00798644536685, -1, 84.005481849239, -1, -1, -1, -1, -1, -1, -1, 214.79019574125272], "UUNET": [7.568764677687874, 160.90415558734725, 6.888385139102917, 12.464327337823892, 6.899658731858616, -1, 69.75927681022107, 24.83060323507367, 100.97046157927764, -1, 100.99732632459171, -1, -1, -1, -1, -1, -1, -1, 251.26644945765165], "ATT-MOBILITY-LLC-AS20057": [80.02544836007323, 90.96743740087797, 88.82133920839144, 78.8870042799259, 66.8329228397775, -1, 150.513102012892, 84.05771557136414, 217.27010271731106, -1, 221.78929347053412, -1, -1, -1, -1, -1, -1, -1, 348.7767701788834], "TWC-12271-NYC": [78.4055379955786, 104.3362003432346, 36.94201263894296, 37.560258040527835, 36.94934510676785, -1, 80.01338436657366, 78.52884410145528, 132.62280514990326, -1, 133.1228665765665, -1, -1, -1, -1, -1, -1, -1, 294.0468816035291], "NYCMESH": [2.645427040515884, 7.297808764273211, 1.7523528317230663, 1.4216300690606347, 1.3287962131701645, -1, 42.05954791067979, 85.23850670419009, 85.11813302094882, -1, 84.7379399178179, -1, -1, -1, -1, -1, -1, -1, 256.3310349914819], "SNET-FCC": [13.407455418048475, 13.646864443601245, 8.69203233010773, 7.747044573205663, 7.822988125688953, -1, 49.154141075506196, 13.093257808931353, 97.19073626979639, -1, 99.833549082414, -1, -1, -1, -1, -1, -1, -1, 254.12435768278084], "LINODE-AP Linode": [2.405992207959289, 6.967621814483163, 2.079806688390728, 8.601580570803682, 1.6382483101150025, -1, 47.500678423103516, 2.4391268348272392, 84.99392528137895, -1, 84.8926092862637, -1, -1, -1, -1, -1, -1, -1, 232.81754233235478], "T-MOBILE-AS21928": [59.390492817241665, 124.68050463965534, 55.23470219011523, 60.76513141218381, 54.11975704632273, -1, 115.38980051655116, 54.105748707844484, 146.6227017405116, -1, 144.16859604758574, -1, -1, -1, -1, -1, -1, -1, 301.4371736324143], "GRANITE": [58.404166942529265, 15.715267402297796, 17.136863494252946, 15.12349149425421, 15.125366574713375, -1, 44.91499696551682, 27.52765209195573, 103.25934036781675, -1, 104.33362555248824, -1, -1, -1, -1, -1, -1, -1, 256.73191678160936], "LEASEWEB-USA-NYC": [1.8232706754023447, 5.66434077043237, 1.4768118498628096, 7.580777977501934, 1.868777532598209, -1, 26.889702353995073, 19.010520738753033, 92.38537624816217, -1, 92.39557737655207, -1, -1, -1, -1, -1, -1, -1, 251.52638181080508], "CIVO-USA - Civo LTD": [8.262885965517228, 162.6689289409184, 1.539921234942206, 6.7885182583918615, 2.2382244983904838, -1, 74.534109562759, 2.2131278749435865, 105.54252116321783, -1, 104.70858224150746, -1, -1, -1, -1, -1, -1, -1, 249.48731008126623], "KRYSTAL - Krystal Hosting Ltd": [8.115663191916676, 5.797312894857987, 1.5034273654723163, 8.663940107435822, 1.7678847984398087, -1, 26.947339304866656, 1.6895741680439378, 96.331963367766, -1, 98.97622374609574, -1, -1, -1, -1, -1, -1, -1, 239.79846994995484], "RITSNET": [1.5861497286500006, 162.0785277488516, 0.6415965045896698, 0.5494921510557846, 0.5478855298450415, -1, 36.844248237372355, 99.3905814054187, 91.05814434664848, -1, 90.70826168597682, -1, -1, -1, -1, -1, -1, -1, 249.7315214612051], "PONYNET": [2.7364651600088132, 22.5507252642332, 1.5809309559225875, 1.5018867180900823, 2.5359679201093663, -1, 82.83797965541771, 2.34621008218471, 85.23223950413147, -1, 85.49291290932078, -1, -1, -1, -1, -1, -1, -1, 251.09439108976252], "AMAZON-02": [2.2548855298431096, 31.886267121045396, 1.56004214901637, 1.4073588739090777, 1.4736468065103137, -1, 9.565408391105768, 2.278047514442226, 87.56619485904548, -1, 87.65774981634598, -1, -1, -1, -1, -1, -1, -1, 217.94229477671044]}