{"AS-CHOOPA": [2.164573909091432, 64.4801815239907, 1.5425549506300926, 1.479035214643278, 1.6832411883699077, -1, 29.370665013240824, 2.1264551247845014, 87.56129622876145, -1, 86.25089343024078, -1, -1, -1, -1, -1, -1, -1, 242.45452760419533], "PRIMEXM-NETWORKS": [2.0512308229005947, 6.771775625123288, 2.218070772413076, 1.6656362907390783, -1.0, -1, 29.750864436850208, 23.13378148637846, 96.09625049232321, -1, 96.7356445892949, -1, -1, -1, -1, -1, -1, -1, 231.66483677612402], "GCORE - G-Core Labs S.A.": [1.7424920481193984, 62.493817234982096, 1.6948314759734455, 1.0263358207442592, 1.0452552531531007, -1, 29.562906557567093, 85.64591227645319, 98.39325459775068, -1, 98.12859994507608, -1, -1, -1, -1, -1, -1, -1, 267.08817638018655], "NEPTUNE-NETWORKS": [1.2070007090560688, 6.393550760156245, 0.8137781148411677, 7.005386669574424, 1.8226883638563964, -1, 27.31438398441223, 1.2605641782036807, 84.69476917506405, -1, 84.51348594594573, -1, -1, -1, -1, -1, -1, -1, 249.70603815845854], "MARBIS - marbis GmbH": [2.11682043028186, 7.028905378716042, 2.1502507950453453, 1.8906918923747402, 5.023404193114823, -1, 31.842169186011215, 22.265416799114632, 96.19997804958304, -1, 95.91192614793245, -1, -1, -1, -1, -1, -1, -1, 257.1009444150669], "MISAKA - Misaka Network, Inc.": [1.5416742482477497, 62.98551099877454, 0.761937419890476, 0.6472282564101539, 0.6685373220513846, -1, 69.32925385925056, 1.5212249252004522, 103.28068103021276, -1, 103.05270038963114, -1, -1, -1, -1, -1, -1, -1, 240.4790361284363], "ULTRADNS": [0.6631859257109987, 5.524204648095004, 6.279603455238001, 7.711015573100595, 1.649885571217473, -1, 28.628904767830644, 18.658561851520794, 105.66987220176705, -1, 105.47462909516878, -1, -1, -1, -1, -1, -1, -1, 255.8498846047619], "DIGITALOCEAN-ASN": [2.15973443777147, 7.976314212110144, 2.2865367256088835, 1.4302471729377728, 1.7212178982959172, -1, 30.6790158035368, 2.051972411946727, 84.77488553129831, -1, 84.94464677838366, -1, -1, -1, -1, -1, -1, -1, 224.09792661554616], "DTAG - Deutsche Telekom AG": [1.5998639032101987, 5.89361019183248, 0.5630367257683687, 74.43847910000112, 74.54361452374265, -1, 106.98894988865537, 22.21719064760482, 85.76199948148282, -1, 84.96819201311918, -1, -1, -1, -1, -1, -1, -1, 234.730206312984], "GALAXYGATE": [1.5318524438155785, 159.57284735961446, 1.0995279207011075, 7.275625235704325, 2.267875784149652, -1, 36.13742734262053, 98.24830928888905, 99.26574989469837, -1, 96.85460272094606, -1, -1, -1, -1, -1, -1, -1, 244.32165049907744], "COMCAST-7922": [24.388543019018265, 22.816401442380997, 19.569815473055034, 17.744128598138605, 16.661282341982123, -1, 45.666736043060325, 18.244720351592235, 107.4984435596039, -1, 107.7211177308289, -1, -1, -1, -1, -1, -1, -1, 224.90073922676987], "ATT-INTERNET4": [11.128005254034852, 14.032837772475318, 4.621309130473997, 5.260011378976764, 5.153184947441975, -1, 71.12506359324605, 4.901253630475312, 96.55441031166443, -1, 97.06502846740325, -1, -1, -1, -1, -1, -1, -1, 249.0262589768492], "CABLE-NET-1": [12.574879883284211, 170.115428567643, 12.041125248445384, 18.170255498042245, 13.12133095035709, -1, 40.53522734008216, 44.15775773135188, 95.79907938533474, -1, 95.67593307129023, -1, -1, -1, -1, -1, -1, -1, 266.3546243666571], "OPENDNS": [1.6187402822284533, 6.084708342540609, 1.350049465467126, 1.4936541058928174, 2.2745080299274867, -1, 27.120990770718233, 1.609702584254973, 83.9210828819726, -1, 84.03507026417591, -1, -1, -1, -1, -1, -1, -1, 211.75335924757937], "UUNET": [7.692947517321752, 162.56173199498662, 6.9264008790710685, 12.48787299016757, 6.848430262266747, -1, 69.77979874996353, 24.881028542635804, 101.19751554543626, -1, 101.26717280092988, -1, -1, -1, -1, -1, -1, -1, 250.01030653514385], "ATT-MOBILITY-LLC-AS20057": [74.91118009944638, 85.51911955893168, 82.2758856744934, 74.39620903545124, 61.8609505755069, -1, 143.81562046869288, 76.12847419198924, 208.21855850184207, -1, 215.16615865883998, -1, -1, -1, -1, -1, -1, -1, 343.2764745923122], "TWC-12271-NYC": [66.65085494827932, 96.42215811828503, 27.26740086479016, 27.537557176190163, 27.01615651664815, -1, 63.80030141763279, 66.66835080094742, 122.97256613502547, -1, 123.46948808324163, -1, -1, -1, -1, -1, -1, -1, 285.29982515829704], "NYCMESH": [2.7161515596219603, 7.352921744935505, 1.7215254109128446, 1.4881462371096676, 1.4213785688320446, -1, 28.667767594941076, 85.95653973954018, 85.03121161931126, -1, 84.8260990124132, -1, -1, -1, -1, -1, -1, -1, 256.4287631795387], "SNET-FCC": [13.395669160000843, 13.628651376093392, 8.615473478619858, 7.631886940688819, 7.830962313562472, -1, 37.949148390344845, 13.087624314484268, 97.20318948321845, -1, 99.87052313655232, -1, -1, -1, -1, -1, -1, -1, 255.53942407828234], "LINODE-AP Linode": [2.4066835977005847, 6.969495133793445, 2.0763817901154176, 8.60892576206873, 1.6669329509198645, -1, 31.123332368447688, 2.4359556721840336, 85.07253793620704, -1, 84.97166229351924, -1, -1, -1, -1, -1, -1, -1, 229.3798009642774], "T-MOBILE-AS21928": [56.19221598112233, 123.10229269138131, 52.842416427514806, 58.1129665177767, 51.684295158792, -1, 111.89618684848534, 51.81505014698211, 144.15398317847757, -1, 141.13980974498529, -1, -1, -1, -1, -1, -1, -1, 295.4503172841113], "GRANITE": [39.27004719926526, 15.538049816344344, 17.0079626721759, 15.102199724517215, 15.179618112946963, -1, 39.94820748392894, 17.705084343434986, 103.16505291551857, -1, 104.06150652873727, -1, -1, -1, -1, -1, -1, -1, 256.0424528007336], "LEASEWEB-USA-NYC": [1.8128710197424245, 5.660088709825893, 1.4839796951326438, 7.599933686410042, 1.8758426010095044, -1, 27.398280700642445, 18.99730072314079, 92.01590317125815, -1, 92.29040160192982, -1, -1, -1, -1, -1, -1, -1, 267.95780041046874], "CIVO-USA - Civo LTD": [8.256587152433472, 161.9149020824136, 1.5636175831041321, 6.812863025254406, 2.2749463510100534, -1, 74.2190034696976, 2.38801844582135, 105.54120788567558, -1, 104.91870741965107, -1, -1, -1, -1, -1, -1, -1, 249.95554558103782], "KRYSTAL - Krystal Hosting Ltd": [8.100890332413638, 5.841449594583616, 1.4972200583090922, 8.661369650594763, 1.7757902121232805, -1, 27.38731376721723, 1.6887465780516548, 96.20093880742611, -1, 98.7765831132494, -1, -1, -1, -1, -1, -1, -1, 256.33519729390275], "RITSNET": [1.5841650307629491, 161.31350997065488, 0.6417045130656117, 0.546923432827373, 0.5486176900497937, -1, 35.97552926455587, 98.9551240967457, 91.06143518523525, -1, 90.713396529572, -1, -1, -1, -1, -1, -1, -1, 266.42123744329814], "PONYNET": [2.6105555539498657, 22.546169575758153, 1.5765809194224534, 1.4395117382915976, 2.617739504590772, -1, 62.753544988291175, 2.4003524054173564, 85.8679243876671, -1, 85.97172933906454, -1, -1, -1, -1, -1, -1, -1, 268.1874164582764], "AMAZON-02": [2.264470132967402, 31.884892196051666, 1.559757163913085, 1.4452733631354884, 1.4756525401191203, -1, 9.564952088491472, 2.271479872075103, 85.21929578129475, -1, 85.2365874566726, -1, -1, -1, -1, -1, -1, -1, 218.16617558253162]}