{"PRIMEXM-NETWORKS": [2.052552277607821, 6.790800406769685, 2.296188518374843, 1.6681558737919087, -1.0, -1, 50.99206913606522, 22.09279583507226, 97.0558806324411, -1, 96.91468577430636, -1, -1, -1, -1, -1, -1, -1, 226.18947437009302], "GCORE - G-Core Labs S.A.": [1.7429325272830356, 62.46927492400297, 1.7029518975517224, 1.011075402091629, 1.052461750500151, -1, 29.245883401391833, 84.40919341121135, 96.48172928803628, -1, 96.03918771980678, -1, -1, -1, -1, -1, -1, -1, 249.10504321959542], "NEPTUNE-NETWORKS": [1.2025889995237145, 6.452287191701, 0.8237829523797152, 7.032777379048568, 1.8421146752388573, -1, 26.809829215476285, 1.2451030450047469, 84.48866344104142, -1, 84.51613575816009, -1, -1, -1, -1, -1, -1, -1, 248.52185608670698], "MARBIS - marbis GmbH": [2.1011428734409567, 6.883612542740059, 2.0720848665655183, 1.7321756260520074, 1.7221969508936008, -1, 59.69895120588399, 22.3395152406607, 95.21835784223369, -1, 95.2223195388656, -1, -1, -1, -1, -1, -1, -1, 257.20520561103046], "MISAKA - Misaka Network, Inc.": [1.5753250889907418, 62.9625217358844, 0.7694471464648477, 0.6445097423763405, 0.6846142223973188, -1, 69.42200427291684, 1.525713769033025, 103.40055347967476, -1, 103.36757026399373, -1, -1, -1, -1, -1, -1, -1, 240.0936811725631], "ULTRADNS": [0.666223588043079, 5.778343420249227, 6.286919187238706, 7.712112881153548, 1.6453847964811714, -1, 43.64403750222856, 18.544709622123637, 105.76935257707075, -1, 105.74219761516612, -1, -1, -1, -1, -1, -1, -1, 255.893159858531], "DIGITALOCEAN-ASN": [2.1205425322468705, 7.957413160027411, 2.2686972193534114, 1.4306712314744237, 1.712543966038961, -1, 47.08752589460077, 2.041383023318672, 84.65646392506979, -1, 84.77971109654735, -1, -1, -1, -1, -1, -1, -1, 223.98903223150998], "DTAG - Deutsche Telekom AG": [1.6132332289555555, 5.906193287438408, 0.5668911661831875, 74.44140812949736, 74.6094333318919, -1, 119.19744947496324, 22.308302649069095, 85.76196042424121, -1, 84.97062601530776, -1, -1, -1, -1, -1, -1, -1, 234.31526620514927], "GALAXYGATE": [1.5210507155537785, 159.72413666034922, 1.1027488601117725, 7.2748402282659645, 2.254591326301405, -1, 37.27948647246949, 98.39592936899311, 93.89351452402184, -1, 91.03829609965334, -1, -1, -1, -1, -1, -1, -1, 227.56704036222672], "COMCAST-7922": [27.470686381196387, 28.37111232204021, 21.387533840354685, 16.776802517066468, 18.092160902822336, -1, 49.51625134398405, 21.3578856993998, 109.66342818669412, -1, 109.68723377828668, -1, -1, -1, -1, -1, -1, -1, 247.88685905536332], "OPENDNS": [1.5924464870738226, 6.095093030009141, 1.349314837949031, 1.4844049695272845, 2.2833703347180068, -1, 48.91035209372039, 1.6011653268700843, 84.00464551178949, -1, 84.00098429958432, -1, -1, -1, -1, -1, -1, -1, 215.81754331992656], "CT-EDU-NET": [8.914080091077812, 76.49535087979841, 6.777420278317198, 4.3997450087829355, 4.180178967221332, -1, 12.448392777471048, 35.38573960526441, 90.88396296168021, -1, 90.90561931486786, -1, -1, -1, -1, -1, -1, -1, 261.5776682017536], "UUNET": [7.325362441387089, 160.33338176700178, 6.594997914409147, 12.375818040531877, 6.624103659617396, -1, 69.56541826943098, 24.897225253383347, 100.63863311647053, -1, 100.44529356251576, -1, -1, -1, -1, -1, -1, -1, 252.27589238728962], "CABLE-NET-1": [14.640613936108261, 171.58010570090497, 14.000186075515872, 20.03175477258585, 14.795317079727592, -1, 42.81161234787148, 46.15523221570343, 97.059709139985, -1, 97.31964780133889, -1, -1, -1, -1, -1, -1, -1, 272.816435071218], "ATT-MOBILITY-LLC-AS20057": [83.74962435964895, 94.98040208598538, 93.29547113923502, 82.7068805818345, 69.60591678607484, -1, 153.4237662451535, 88.06702805078577, 220.6127468291782, -1, 223.7368236031856, -1, -1, -1, -1, -1, -1, -1, 350.3872093277993], "TWC-12271-NYC": [78.76590668147405, 104.42295963929644, 37.29394313510593, 37.887575281069076, 37.25967190363526, -1, 84.26236953012186, 79.05375938198644, 132.9201528239739, -1, 133.283908767802, -1, -1, -1, -1, -1, -1, -1, 294.3658182473264], "NYCMESH": [2.623890814201245, 7.296657205625032, 1.7579934926244818, 1.4020440940526973, 1.319334516830428, -1, 43.8171318601091, 84.90330348084049, 85.12945790974153, -1, 84.69172741609094, -1, -1, -1, -1, -1, -1, -1, 256.33874394721], "SNET-FCC": [13.413605197326135, 13.767425962887167, 8.6251978105094, 7.703334275704564, 7.868852336098057, -1, 49.103042720608016, 13.067968513139297, 97.19528517449264, -1, 99.86397290133775, -1, -1, -1, -1, -1, -1, -1, 253.85748010543256], "CHARTER-20115": [16.267960273147654, 91.11384173601482, 18.356669556171976, 16.463288713591535, 16.47458036292151, -1, 41.05742042025103, 16.32831327323189, 115.64958926907026, -1, 115.56362673564836, -1, -1, -1, -1, -1, -1, -1, 290.60076237216805], "LINODE-AP Linode": [2.4085395119167923, 6.973266136699197, 2.080229206316218, 8.602774706200252, 1.637031402489837, -1, 49.30633869018011, 2.438856724873025, 84.94188196836038, -1, 84.83343998732043, -1, -1, -1, -1, -1, -1, -1, 232.83743522477488], "T-MOBILE-AS21928": [47.1935728024438, 110.30383696542228, 45.437614477900134, 51.527079296038956, 45.6727640349927, -1, 105.08402025207234, 46.13671919106836, 139.5468467918971, -1, 137.88016509852656, -1, -1, -1, -1, -1, -1, -1, 288.3104781772551], "GRANITE": [58.30221243093969, 15.845256154908979, 17.182069617335664, 15.161467173113413, 15.154259944751928, -1, 44.78747587476906, 29.17285879373995, 103.3501272559861, -1, 104.37140520977574, -1, -1, -1, -1, -1, -1, -1, 256.724312108655], "CIVO-USA - Civo LTD": [8.262911616022643, 162.8949297752408, 1.5382015905946052, 6.790824975599583, 2.2330613167580116, -1, 74.71376167310356, 2.214002602210913, 105.54370205847096, -1, 104.70717981307651, -1, -1, -1, -1, -1, -1, -1, 249.19197810220982], "AS-CHOOPA": [2.2501434046968236, 67.80960209208203, 1.6111383126162984, 1.515650465929559, 1.8303826896864661, -1, 40.62447473526876, 2.181873883518508, 88.92475989226394, -1, 85.10029783333417, -1, -1, -1, -1, -1, -1, -1, 238.4049075603135], "RITSNET": [1.5861743420808012, 162.28223376289168, 0.6411865672179559, 0.5502165948432317, 0.5474048259675417, -1, 37.17286834254094, 99.39174236873693, 91.05876018620748, -1, 90.70948486786347, -1, -1, -1, -1, -1, -1, -1, 249.98705120373148], "PONYNET": [2.7245746470988927, 22.515948776013268, 1.5872720672189207, 1.5113119926342529, 2.5494361998157475, -1, 87.91176024746781, 2.325251565837429, 85.11281496086457, -1, 85.34057193448328, -1, -1, -1, -1, -1, -1, -1, 251.0761822563232], "AMAZON-02": [2.2511233830569037, 31.887460610957863, 1.5598879774418513, 1.4058703586184824, 1.4737241016097915, -1, 9.566813599541103, 2.2694877843664796, 87.92047879972424, -1, 88.02583952670456, -1, -1, -1, -1, -1, -1, -1, 217.88839642666912]}