{"DRMSCPASN": [14.031484123823459, 161.74746586027857, 6.906444210863409, 15.762396112437898, 11.421072849141135, -1, 69.37528211718727, 14.028345289780425, 110.33170732329208, -1, 110.20105690195989, -1, -1, -1, -1, -1, -1, -1, 266.9973947646453], "UUNET": [18.87645520046224, 171.89562336226933, 21.968612499537215, 18.22968282685097, 22.265287600925696, -1, 62.90170781759221, 29.517676120834157, 110.79812598194421, -1, 117.6333777797874, -1, -1, -1, -1, -1, -1, -1, 251.61393389861283], "FRONTIER-FRTR": [19.762011918053762, 36.416646494445516, 18.31684902638931, 19.12703221805558, 20.322356885185982, -1, 59.911289220832714, 20.44395854583417, 133.4720622032407, -1, 133.2255455064822, -1, -1, -1, -1, -1, -1, -1, 248.49120812361136], "COLGATE-UNIVERSITY": [12.189393486574154, 73.44822321220775, 7.9086720203428555, 7.657593282477807, 7.801392790106646, -1, 17.124849571891946, 29.860471799074862, 93.96722565879736, -1, 93.83119697268366, -1, -1, -1, -1, -1, -1, -1, 269.94150822861667], "TWC-11351-NORTHEAST": [58.55606104074066, 88.26001137638913, 25.48394996944336, 24.773208390662298, 24.84143474156058, -1, 32.29214460101848, 58.50116978132277, 127.62517065140857, -1, 128.7450308300916, -1, -1, -1, -1, -1, -1, -1, 281.16128082061965]}