{"COMCAST-7922": [22.56309185479605, 20.004355539400194, 21.297040253539148, 20.483929493480282, 19.481301875996593, -1, 56.85993228895535, 20.107145948254605, 111.95796303857828, -1, 109.96864695529757, -1, -1, -1, -1, -1, -1, -1, 272.19809462699186], "UUNET": [10.413144729353679, 159.88169996776185, 8.510403766223579, 11.57439105605889, 8.394446471708912, -1, 71.20040104034828, 17.149625601057203, 102.48316581042447, -1, 103.23550643067054, -1, -1, -1, -1, -1, -1, -1, 252.42941309645633], "AS-CHOOPA": [2.1478198523875496, 62.76409136994423, 1.5177057396520455, 1.4754578631245514, 1.6058598604907408, -1, 46.764661007413096, 2.1096547415951723, 86.81182015307327, -1, 86.82106903015061, -1, -1, -1, -1, -1, -1, -1, 243.39737489877905], "ATT-INTERNET4": [10.961654121759048, 11.139843221451446, 4.620407004622603, 5.238671255200968, 5.146941450764771, -1, 71.16134724351903, 4.912626282408467, 92.18997136250054, -1, 92.19003140647936, -1, -1, -1, -1, -1, -1, -1, 259.8873326333802], "CABLE-NET-1": [5.569752858530104, 163.22853051756934, 5.868379265370878, 12.897413528895145, 7.088258287563935, -1, 33.824115480351004, 36.129926969026094, 89.87764321705932, -1, 89.80993022052621, -1, -1, -1, -1, -1, -1, -1, 259.7438076037902], "UPENN": [4.949859099861861, 74.4183092792417, 3.979054113268931, 3.586912906611785, 66.70834404299596, -1, 8.956370865002633, 29.711833107257267, 91.46274063199326, -1, 93.50953527230782, -1, -1, -1, -1, -1, -1, -1, 248.92878323615116], "RCN-AS": [14.844009736939803, 77.48199760240439, 14.107955810911216, 15.716683793344501, 15.880057928341754, -1, 35.422203785945214, 15.41957212112719, 98.02448139058082, -1, 99.19721998427967, -1, -1, -1, -1, -1, -1, -1, 240.4740088959777], "T-MOBILE-AS21928": [43.10237548913646, 227.40512406657382, 47.35050906888252, 43.49603939297394, 43.14640406148863, -1, 72.5077160078603, 43.8059901534899, 152.32986030467072, -1, 136.09404203277882, -1, -1, -1, -1, -1, -1, -1, 340.64969646421844], "LANLEB-IU13": [9.303395565881145, 11.262255751154987, 8.273003608495975, 12.443821936749163, 7.514921990535315, -1, 37.1862018804255, 48.32693031347881, 99.85154686334248, -1, 103.77934519810387, -1, -1, -1, -1, -1, -1, -1, 238.95078116874802], "LEASEWEB-USA-NYC": [1.8223458090615812, 5.663514846261358, 1.4767850881815785, 7.580634148198897, 1.86851448153241, -1, 26.890015012466392, 19.01882340212577, 92.38188062303658, -1, 92.39501442659329, -1, -1, -1, -1, -1, -1, -1, 251.58301393928951], "KRYSTAL - Krystal Hosting Ltd": [8.115948315786989, 5.797920750692798, 1.504727280700971, 8.6641753554917, 1.768380011081164, -1, 26.947375832409826, 1.6891073213296386, 96.33646410526059, -1, 98.98208355693707, -1, -1, -1, -1, -1, -1, -1, 239.8543041590601], "WINDSTREAM": [14.580105098202488, 14.370316337945502, 16.220811427385485, 14.263914619870812, 14.52958515767636, -1, 35.025816700370264, 44.11283158356371, 103.19204539681334, -1, 103.05529420914121, -1, -1, -1, -1, -1, -1, -1, 239.63228518579876], "TSCT-3-16794": [25.51400689280883, 26.10813875022978, 13.60275567082063, 14.969065046167174, 14.97584779247351, -1, 64.15364519044307, 21.144034650279107, 106.86435611888236, -1, 106.95726085803341, -1, -1, -1, -1, -1, -1, -1, 223.949732227524], "AMAZON-02": [10.459707983402486, 28.788145204240966, 6.032275791608854, 4.277824475796685, 4.142373935454356, -1, 6.7656910110614055, 0.2312048907322268, 93.42773948271055, -1, 93.42980392623312, -1, -1, -1, -1, -1, -1, -1, 242.95325762010128]}