{"COMCAST-7922": [33.736425777368154, 76.32791721034918, 44.74780670298969, 18.010554337244123, 18.974526021556596, -1, 123.37748288290626, 16.291563588714848, 174.395099515678, -1, 182.38473495979534, -1, -1, -1, -1, -1, -1, -1, 216.02404699533372], "LIQUIDWEB": [24.41423439323495, 10.594145501915804, 13.000199097617703, 2.3478452910737895, 2.1978165605394575, -1, 45.618454261262734, 9.027582731718313, 144.14235115815796, -1, 146.10581565058274, -1, -1, -1, -1, -1, -1, -1, 190.94194268627362], "NETACTUATE": [21.504797603659316, 49.91415930719908, 12.451521659542896, 1.9677865310148241, 1.8651986787889383, -1, 44.73277537137043, 162.02280528380447, 144.55982301767213, -1, 145.70824157897113, -1, -1, -1, -1, -1, -1, -1, 198.13630968026786], "NINJA-IX-TRANSIT-CONNECTION": [11.387382740089743, 55.91760612461672, 48.371867874557914, 2.4003927210878286, 2.382268287121678, -1, 45.46161982289476, 24.86309788096931, 158.21527275845278, -1, 158.51821484645112, -1, -1, -1, -1, -1, -1, -1, 190.2200634183242], "ASN-CXA-ALL-CCI-22773-RDC": [18.40266084912759, 208.72887859431438, 20.591469488241348, 87.67173160343916, 21.24237989991317, -1, 75.14602028924551, 90.33386922893034, 161.30692737535546, -1, 161.21735370257528, -1, -1, -1, -1, -1, -1, -1, 207.29577322358827], "ORBITEL": [23.471229895435194, 66.02938388091637, 23.864922750744377, 68.34281191581168, 24.047639087977426, -1, 57.18667225350726, 172.57321507479463, 156.2465175780647, -1, 156.1427416709416, -1, -1, -1, -1, -1, -1, -1, 206.64434855338976], "CABLEONE": [17.268781722067867, 62.44458279935262, 19.855972669904315, 27.356549879795853, 17.858245328246895, -1, 46.2975554114656, 17.43781865926919, 158.4387970157178, -1, 157.53684265141138, -1, -1, -1, -1, -1, -1, -1, 247.673819424409], "T-MOBILE-AS21928": [60.51803063569061, 118.38318540453207, 61.38554937771702, 123.90688109200255, 56.69210038788704, -1, 132.54602846879285, 202.70342968839566, 224.98516006426186, -1, 218.50454871752066, -1, -1, -1, -1, -1, -1, -1, 274.4675930004616], "IOFLOOD": [10.702632245153335, 53.791178500230465, 12.414811908126865, 1.9888407086819933, 1.901828437675346, -1, 43.02159220544654, 158.13910738427833, 154.02894402031234, -1, 148.5211236874428, -1, -1, -1, -1, -1, -1, -1, 191.06355424435247], "ORACLE-BMC-31898": [9.894284231461803, 10.574239189518144, 11.440184200738944, 21.596500235850677, 12.150354522983916, -1, 57.31231080180333, 61.75808076507353, 153.15656470971862, -1, 149.08867314358338, -1, -1, -1, -1, -1, -1, -1, 241.17958889596324], "CELLCO-PART": [65.63105075992611, 230.34936294467406, 48.22794413055539, 75.95019685138898, 35.45855760995487, -1, 38.637406044907365, 35.59715724999906, 188.268142701804, -1, 181.58899815302826, -1, -1, -1, -1, -1, -1, -1, 224.23852805894532], "KRYSTAL - Krystal Hosting Ltd": [9.447827610341553, 51.49784540304587, 11.459462971375336, 50.73089035826397, 10.492781080332122, -1, 38.22528286380261, 9.06696704570761, 145.52023255678682, -1, 149.5598628010175, -1, -1, -1, -1, -1, -1, -1, 192.21397063250137], "AS-HOSTINGER - Hostinger International Limited": [14.136770470876819, 116.86416797000928, 12.931827688426893, 35.47887436277669, 9.950732002336776, -1, 48.69600361474978, 50.098098463545874, 146.7340027720942, -1, 145.77334337619135, -1, -1, -1, -1, -1, -1, -1, 188.71575692802915], "MICROSOFT-CORP-MSN-AS-BLOCK": [8.124180729367636, 8.517767779621988, 8.488038807744259, 8.279402020286453, 8.472905527432237, -1, 53.4156672775475, 8.227865512678552, 140.60582601544564, -1, 141.9493958584612, -1, -1, -1, -1, -1, -1, -1, 184.10694763762228], "AMAZON-02": [10.13024135918808, 37.787901098661976, 11.913696858921138, 2.128505025819918, 2.1232222784683303, -1, 39.293278467957556, 10.11974896864923, 168.8152684691098, -1, 168.80513606177846, -1, -1, -1, -1, -1, -1, -1, 197.16874642784643]}