{"AS-COPR": [25.119691636108186, 29.383790516200957, 24.894144581477107, 25.2697457296232, 13.712983362269293, -1, 50.67744784050556, 25.904119909254863, 107.97552824583664, -1, 108.88502266458522, -1, -1, -1, -1, -1, -1, -1, 258.9786793090261], "VIDEOTRON": [35.89320476734055, 36.13472448432076, 26.797123259052697, 35.55605039797967, 18.3267506012071, -1, 56.39485604619356, 36.23289758623197, 112.53521820781248, -1, 111.63478094147055, -1, -1, -1, -1, -1, -1, -1, 248.60325642757653], "BACOM": [20.19603227615765, 186.11412217106619, 13.687392289352859, 24.890110087500307, 4.846629919213058, -1, 88.91473662719908, 119.50456435219937, 102.01382421157399, -1, 101.45534962303374, -1, -1, -1, -1, -1, -1, -1, 268.73166823692185], "TELUS Communications": [18.009885869263858, 77.1959237598498, 19.049825494445, 18.562405020139025, 8.49011936620487, -1, 44.80888655833429, 121.03450215000089, 102.56582037847171, -1, 101.54028284814855, -1, -1, -1, -1, -1, -1, -1, 247.9010336898152], "MICROSOFT-CORP-MSN-AS-BLOCK": [25.191863973612257, 76.18450461064754, 24.600305688888618, 4.400560048149028, 4.372325253703891, -1, 86.16171492556616, 25.203783017570178, 111.02065382339478, -1, 110.96389579149168, -1, -1, -1, -1, -1, -1, -1, 242.4596313569451]}