{"LOGIXCOMM-AS": [14.781067918405139, 39.96109535836732, 36.16941048307902, 39.68176951414002, 13.822079888269952, -1, 32.45713607371397, 36.506474958795735, 136.84045170231568, -1, 138.5998006574074, -1, -1, -1, -1, -1, -1, -1, 207.51587796569385], "TWC-11427-TEXAS": [23.366651375985658, 54.51072186620391, 44.03249010694515, 22.19084898148028, 21.638037913888876, -1, 96.29246087962915, 22.92933355833488, 141.35205073286969, -1, 144.5899589504641, -1, -1, -1, -1, -1, -1, -1, 242.01641077499988], "ATT-INTERNET4": [10.202659131284639, 43.43623366317075, 30.75073401864864, 42.69780033566255, 10.328450924114945, -1, 29.59875465177065, 34.54509396187643, 136.78131650046367, -1, 132.92511498088618, -1, -1, -1, -1, -1, -1, -1, 218.71460416178698], "GVTCINTERNET": [13.725199457234094, 162.41897770601886, 21.115410419786684, 41.24431899029155, 9.890306067034272, -1, 32.176934671291804, 143.47818951456387, 145.10531835182562, -1, 142.27763379704095, -1, -1, -1, -1, -1, -1, -1, 213.45830450833293], "IPFAIL": [96.00355186546474, 153.57848337314869, 107.50585524097272, 94.0787595870377, 94.26713920740774, -1, 117.527378206019, 95.53011881018575, 250.37863086060963, -1, 247.6959571125755, -1, -1, -1, -1, -1, -1, -1, 276.14429747017914], "MICROSOFT-CORP-MSN-AS-BLOCK": [8.751213543227175, 28.562726989367253, 33.52192719463646, 8.866867133609293, 8.849341962089746, -1, 38.19852251086312, 10.035780921866571, 122.91547501895565, -1, 121.3836990020813, -1, -1, -1, -1, -1, -1, -1, 216.41275165325868]}