{"TWC-20001-PACWEST": [19.574518474366393, 20.72225758058652, 20.440940347975562, 37.24148575408291, 34.39509468359056, -1, 48.93709354543289, 21.37770102426062, 179.73995961685313, -1, 180.01145616719174, -1, -1, -1, -1, -1, -1, -1, 204.75456722729925], "ALPHA-NAP-AS": [2.430857548403858, 3.141166858493723, 2.9711045857998517, 16.52334123523585, 123.12970912152224, -1, 66.42649973314028, 62.269597500960494, 155.32848296455865, -1, 161.1417833266459, -1, -1, -1, -1, -1, -1, -1, 209.312602404511], "COMCAST-7922": [34.8363999814807, 77.83681391689814, 45.940332083798005, 18.049758190278325, 21.93633290740753, -1, 127.85981648009052, 18.15601427684988, 170.06607793009223, -1, 169.80223434444446, -1, -1, -1, -1, -1, -1, -1, 217.56657176111003], "FRONTIER-FRTR": [15.355549481018816, 192.87723511369373, 6.122226122714998, 6.899211731552258, 6.858379438700006, -1, 45.85623168240733, 66.55660583738418, 158.34728968679096, -1, 162.10527722399465, -1, -1, -1, -1, -1, -1, -1, 185.7372876497799], "ATT-INTERNET4": [6.97805977438933, 61.046294585297595, 8.056812303284326, 68.85996521128087, 7.674016933888212, -1, 15.09473000138916, 16.04453865602084, 152.57348648240858, -1, 150.0415469263898, -1, -1, -1, -1, -1, -1, -1, 197.3627140402204], "RACE": [4.76378850023273, 4.588797695330101, 4.596303259362832, 4.424088355522472, 20.520313330558533, -1, 60.04700805594167, 11.625097407766846, 150.0787401997238, -1, 151.97936157870336, -1, -1, -1, -1, -1, -1, -1, 190.44057634604792], "UCSD": [4.824906206019721, 5.727944982409724, 5.228575356482081, 19.382955628240154, 124.73884316573971, -1, 125.64654538333191, 63.91878929606669, 158.6934210715269, -1, 157.4122631840289, -1, -1, -1, -1, -1, -1, -1, 209.23135958321603], "ASN-CXA-ALL-CCI-22773-RDC": [26.929089802126224, 209.67568439266032, 28.45206290476127, 76.30316071983403, 13.624441485205963, -1, 78.4975604012948, 89.09245216458541, 164.71308828571588, -1, 164.40289002866433, -1, -1, -1, -1, -1, -1, -1, 202.9896355766411], "Konecta de Mexico": [15.336892096162975, 5.471664106564073, 4.299790292648549, 14.674142175219007, 5.126685638928286, -1, 43.514446913546465, 4.7189042288479905, 162.16430011011113, -1, 161.64888437303824, -1, -1, -1, -1, -1, -1, -1, 181.8039631271384], "OPTIPUTER": [2.6541579155127404, 10.531589891587087, 2.847483572815536, 26.100173113112046, 122.90166055863261, -1, 66.45223805424693, 61.97693251708298, 153.55143774330634, -1, 155.86450485410867, -1, -1, -1, -1, -1, -1, -1, 208.80389586749823]}