{"COMCAST-7922": [31.771982016102235, 73.59686716924581, 42.4840245460275, 17.325355066240242, 21.316500916532316, -1, 119.63932263081989, 14.475767362301186, 169.98776956607253, -1, 170.0598682079211, -1, -1, -1, -1, -1, -1, -1, 209.70640954652163], "AS-WAVE-1": [15.870180317822365, 44.03144277106381, 44.28029640648103, 15.731597164119485, 15.514529493864282, -1, 47.85623965092664, 15.930364401850758, 170.24881782430535, -1, 169.241532939468, -1, -1, -1, -1, -1, -1, -1, 191.57784776365838], "RGNET-SEA - RGnet OU": [2.688292350148083, 62.0357891992302, 33.23902004459855, 3.6447261534065207, 1.0606297124580948, -1, 88.82177491022621, 2.2164441749925983, 141.9396221442994, -1, 140.1564622806039, -1, -1, -1, -1, -1, -1, -1, 189.9230500523682], "EDGECAST": [0.985200402524395, 56.74391529070904, 30.607653145412037, 0.4915082743316191, 0.4763777291051359, -1, 29.043100077812323, 0.973883892857143, 157.15050959675142, -1, 157.68228305265538, -1, -1, -1, -1, -1, -1, -1, 187.25224420257598], "METAPEER-INC": [1.0397522341442071, 62.17061527190347, 28.54923982338195, 0.5547046631983654, 0.5421221753078516, -1, 32.45927105992229, 1.0733428017371929, 152.76972023727294, -1, 152.58491003815004, -1, -1, -1, -1, -1, -1, -1, 177.63822662650585], "DEFENSE-NET": [1.0912322099115148, 28.79276601799117, 30.59582425755231, 0.5663340880033915, 0.7657258262154643, -1, 32.53922889422387, 1.0704818282831163, 152.64616167812724, -1, 153.58346139725447, -1, -1, -1, -1, -1, -1, -1, 167.7448210428492], "AS-CHOOPA": [1.0464429022788562, 25.508210224513597, 29.721417602582918, 0.5131476224296989, 0.5640459190590397, -1, 75.2780762192723, 0.954220092407665, 150.2598237051003, -1, 150.05440667042217, -1, -1, -1, -1, -1, -1, -1, 191.71508762269556], "NATOLAB": [2.489062000002001, 78.31136710304034, 169.924108971986, 3.0112082515140925, 3.380211488688989, -1, 123.66232753605391, 2.556336864086608, 199.42083359838307, -1, 201.1067802746236, -1, -1, -1, -1, -1, -1, -1, 202.2796727362148], "EMERALD-ONION": [1.1269432526132475, 56.45437096857227, 30.67272316856694, 0.5996756108736168, 0.6543738260045381, -1, 80.08255094184352, 1.3701464293612367, 151.45404223123256, -1, 152.7721513483952, -1, -1, -1, -1, -1, -1, -1, 178.06889486575983], "ULTRADNS": [0.28188839960445117, 61.93502828536059, 30.826690420870488, 22.68315170180872, 0.7833441426785613, -1, 89.09141771504581, 20.21174537819515, 164.56773172161965, -1, 164.4271555664113, -1, -1, -1, -1, -1, -1, -1, 182.02639309250696], "MISAKA": [0.8728173778094696, 25.113887404084625, 31.88706536106871, 0.3747398169144776, 0.36158890773764885, -1, 35.962331546585496, 0.8628027668668161, 157.98267601958025, -1, 154.55407697078522, -1, -1, -1, -1, -1, -1, -1, 220.60715611174498], "DOOF": [1.1178112513580747, 61.389451457456516, 30.740326157947067, 0.6493369891542901, 0.6549726380681951, -1, 80.5637200397639, 1.140934123114452, 150.18831343174003, -1, 151.36434750923482, -1, -1, -1, -1, -1, -1, -1, 160.8689147805352], "AS-WHOLESAIL": [4.618006724359727, 68.91635705242305, 35.5644216308733, 4.096943426643323, 4.126007994880839, -1, 38.283301254416166, 4.608397700104807, 160.03572692035138, -1, 160.65402259773788, -1, -1, -1, -1, -1, -1, -1, 198.20363297811153], "CENTURYLINK-US-LEGACY-QWEST": [22.107364581987554, 30.58667136017087, 33.51233325244339, 75.01283461032955, 56.5768463473501, -1, 50.971563143422145, 4.897967431141358, 165.3786173755392, -1, 165.867496834486, -1, -1, -1, -1, -1, -1, -1, 198.18647849229788], "OPENDNS": [0.9780209801480608, 56.40136632226954, 30.32964625772351, 0.47839963024647264, 0.503178552329737, -1, 89.09908229875555, 0.9758275855235139, 151.6440531166422, -1, 151.7665870161364, -1, -1, -1, -1, -1, -1, -1, 157.8671538266478], "WESTCONNECT-COMMUNICATIONS": [17.75265411472772, 226.75331016343878, 50.139583999999026, 90.83332982295875, 15.01792027455061, -1, 49.85662908275786, 199.275828407101, 179.7789206505296, -1, 182.04375651290817, -1, -1, -1, -1, -1, -1, -1, 228.31384153734572], "AS-SBI": [8.625621155694333, 80.15080178146698, 36.982108164016715, 22.84743549123933, 8.322031294836869, -1, 39.89796071945551, 14.181879150404837, 163.1414073839677, -1, 162.10053724157467, -1, -1, -1, -1, -1, -1, -1, 188.17618972022038], "SPARTANHOST - Spartan Host Ltd": [5.565064850390455, 76.81837723997151, 32.7719099834031, 5.058168790687266, 0.8076856629784238, -1, 36.52829381696502, 5.765042770028172, 164.88570541988906, -1, 165.34432953568032, -1, -1, -1, -1, -1, -1, -1, 195.60013828953333], "WASHINGTON-AS": [1.4271467316731674, 26.663264742278717, 32.456300292532546, 0.9180189474419086, 119.60544436791102, -1, 39.93114784023745, 64.71573880064398, 158.56833358517463, -1, 158.35081348503783, -1, -1, -1, -1, -1, -1, -1, 159.08023014407513], "LEASEWEB-USA-SEA": [36.58428475966852, 202.24773391873964, 32.33325864410474, 74.17247362937486, 1.7266299534997218, -1, 37.636806657445945, 173.91726880682356, 149.91789258828967, -1, 150.15225007745548, -1, -1, -1, -1, -1, -1, -1, 211.44496988519958], "MICROSOFT-CORP-MSN-AS-BLOCK": [5.737026315377907, 30.153600199630837, 40.36830965652424, 4.87339794098866, 5.063813892578429, -1, 80.30982177132273, 5.634825366944746, 157.5613825851745, -1, 157.3483381945223, -1, -1, -1, -1, -1, -1, -1, 182.95219732734662], "AMAZON-02": [0.8618101086562167, 26.80037635221099, 29.55104891390511, 0.2881847813092543, 0.46432465929958516, -1, 39.08849350368383, 0.850749401471962, 154.0453781040534, -1, 153.75923132642774, -1, -1, -1, -1, -1, -1, -1, 185.68917406629762]}