{"CHARTER-20115": [46.682461779322104, 86.1055359560185, 45.00019389537264, 27.68045358564759, 27.687597566666813, -1, 92.05338543472153, 27.692094073147775, 138.34158805833243, -1, 134.8596312671291, -1, -1, -1, -1, -1, -1, -1, 291.87918015995376], "IPFAIL": [-1, -1, -1, -1, -1, -1, -1, -1, -1, -1, -1, -1, -1, -1, -1, -1, -1, -1, -1], "CLOUDFLARENET": [32.9120764729156, 25.46850000208934, 31.714480439916322, 14.154446122256417, 13.698020070007834, -1, 80.73957503500341, 32.78391062486742, 115.83856176220274, -1, 118.31829504114407, -1, -1, -1, -1, -1, -1, -1, 253.1610776269568]}