{"TELUS Communications": [24.262581856678775, 31.65047502184012, 38.446330480175604, 19.31830930685605, 3.908504806279676, -1, 39.91103209547712, 161.71466377475076, 158.62141568412787, -1, 158.697792115514, -1, -1, -1, -1, -1, -1, -1, 185.58065619837635], "EVERYTHINK": [4.161535492332055, 59.97780625226704, 39.07714701046667, 3.588793107691077, 0.3921620025682591, -1, 84.99045600505764, 0.3735315257919645, 156.0762060252598, -1, 156.08625028231663, -1, -1, -1, -1, -1, -1, -1, 162.84450814630364], "CLOUDSINGULARITY": [8.642684537172526, 202.80756729985612, 36.96959836015326, 77.45336406743058, 1.5337065515755015, -1, 34.603574410952014, 4.880446948718517, 160.88906033333078, -1, 154.97029104972842, -1, -1, -1, -1, -1, -1, -1, 194.6105649308397], "CLOUDPBX-VAN": [4.341978243354967, 56.83951732078131, 35.38424476829802, 14.097966790442955, 0.7985926675987409, -1, 42.85154524407199, 0.48124816016713107, 152.03172630982303, -1, 153.55965046143316, -1, -1, -1, -1, -1, -1, -1, 169.45126177266476], "SPACEX-STARLINK": [46.79357655972284, 71.54501517082662, 80.28871264563166, 49.305108215904745, 49.93455477669947, -1, 154.10009358865744, 48.69626435254704, 208.3748512402774, -1, 208.77956022384302, -1, -1, -1, -1, -1, -1, -1, 235.520612933889], "STARGATE-VAN": [6.502564032362277, 56.53025828009302, 35.640231761111664, 8.160018515739871, 1.5542714131956936, -1, 53.985885632176554, 4.567243889352362, 157.9515634870562, -1, 155.66737013152883, -1, -1, -1, -1, -1, -1, -1, 189.15023876745178], "TEKSAVVY": [21.056445109299066, 89.71032748635236, 50.51545332569949, 26.406065323618137, 18.17329856349694, -1, 51.845873843048736, 31.448599209807856, 183.25049567452479, -1, 182.9896074676163, -1, -1, -1, -1, -1, -1, -1, 197.6538075452532], "CENTURYLINK-US-LEGACY-QWEST": [68.2835426116517, 80.5802348391131, 82.46762440175786, 124.6449736752182, 130.90167658575845, -1, 99.87093945370404, 52.2058858249986, 213.0566965379104, -1, 211.9012530360599, -1, -1, -1, -1, -1, -1, -1, 234.94100753814004], "SHAW": [17.615271467466094, 49.025674857966614, 65.83359743563747, 16.988185599999827, 16.943481955076745, -1, 49.96272658643691, 17.46036694708729, 162.67034725476486, -1, 162.63676145514228, -1, -1, -1, -1, -1, -1, -1, 225.94588799092205], "UBC": [6.767305307996933, 30.810025737001645, 50.93409339136436, 17.019929694560552, 105.30397742956757, -1, 43.50170544955868, 3.488827482567502, 156.66188096420427, -1, 159.8201496434211, -1, -1, -1, -1, -1, -1, -1, 163.70640967595165], "WESTCONNECT-COMMUNICATIONS": [18.07512004623039, 221.27544321144956, 49.62143889889157, 90.71661489058026, 14.596562137349578, -1, 49.15050386472738, 197.31165870267893, 179.6161700214985, -1, 183.08548308368003, -1, -1, -1, -1, -1, -1, -1, 224.63469745931647], "HAMWAN": [15.73547686772852, 221.51022068536594, 50.071293349952185, 85.17643540420157, 11.83324149930804, -1, 48.55359817359208, 190.46775589289126, 174.28382050623202, -1, 174.55070467289963, -1, -1, -1, -1, -1, -1, -1, 218.27480281301985], "EVERYTHINK-397131": [3.4983804284393343, 61.22899163850648, 13.233220978299729, 1.5557791292722982, 1.6205271902132954, -1, 67.85497138896467, 3.9097890415523566, 160.76945079847653, -1, 164.0950717516155, -1, -1, -1, -1, -1, -1, -1, 182.7805958601103], "NOVUS-3": [6.161840168054741, 58.162524202865356, 37.25309451840637, 8.172427895717647, 6.89064296164571, -1, 35.35433589163567, 6.11837524060368, 152.03924522707604, -1, 151.97279583017416, -1, -1, -1, -1, -1, -1, -1, 158.00567679482393], "PACIFIC-SERVERS": [5.69102383725581, 57.01243760572538, 50.0482215867951, 5.790188803323687, 1.1177725710994468, -1, 41.86202089566178, 0.9768258342562329, 150.51957808656408, -1, 150.51180503993263, -1, -1, -1, -1, -1, -1, -1, 206.6484178824335], "COGENT-174": [16.274784708219684, 220.23784978624246, 49.33434563134845, 89.35117373822685, 11.693944770082421, -1, 47.69628096191146, 190.13998103508567, 180.42383224538142, -1, 175.70618795267643, -1, -1, -1, -1, -1, -1, -1, 224.71333793120948], "DCC": [12.942757251036639, 83.49189384508931, 44.66094993453292, 13.054241531812169, 13.031112148225159, -1, 43.556313780543995, 31.106449759566516, 163.98111325242002, -1, 163.955117320653, -1, -1, -1, -1, -1, -1, -1, 204.0480460172891], "AS-PALCOM": [3.2660410542408926, 58.25059496301372, 34.92098149999903, 2.81013963235758, 2.8163377524324047, -1, 82.43925459619845, 3.2869438178030568, 155.60239879930583, -1, 155.5896010629639, -1, -1, -1, -1, -1, -1, -1, 180.64639380120087]}