{"PRALL-DAVID-C-INTERNET": [10.012787009507367, 9.877033925589288, 8.064300485861754, 12.716238684288596, 13.515882617296807, -1, 29.932296260913773, 8.97365045278111, 109.47769179953391, -1, 111.66492796921547, -1, -1, -1, -1, -1, -1, -1, 257.2716340740754], "COMCAST-7922": [20.879134867702305, 19.46573395510201, 22.854803696884524, 17.029411520834437, 14.790652527762319, -1, 38.18376132444315, 20.355834405936577, 112.72188798631225, -1, 113.10607525523989, -1, -1, -1, -1, -1, -1, -1, 267.8477703047355], "UMDNET": [5.3270036822586535, 73.78274245420937, 5.7562758249514, 2.7831692512816733, 65.59549428770549, -1, 10.95288292504818, 33.929041831236326, 95.41374758914898, -1, 96.30949898905904, -1, -1, -1, -1, -1, -1, -1, 251.68035015806788], "UUNET": [12.063096102466185, 152.1513636770059, 8.463972479297226, 6.307316248073798, 6.844809468813836, -1, 67.69382726757651, 24.396958690893502, 96.80570831973388, -1, 99.3691515045977, -1, -1, -1, -1, -1, -1, -1, 245.8196594211555], "RGNET-IAD - RGnet OU": [28.385758198615697, 2.6936322616726778, 10.529850403609439, 2.6742533250112355, 2.6948412787803053, -1, 26.985163435967678, 18.72980979056728, 93.73782000739897, -1, 94.59185485206014, -1, -1, -1, -1, -1, -1, -1, 240.58610811997283], "WIKIMEDIA": [0.47682989533690484, 64.67273545743086, 21.950097816355512, 0.5938155230610553, 0.6173955920108413, -1, 50.60354448781691, 0.4917363897287011, 99.30937317265386, -1, 94.18409610302129, -1, -1, -1, -1, -1, -1, -1, 265.8753746333339], "EDGECAST": [0.44976730121722686, 0.7447362593132076, 2.348872625361526, 0.547609173975585, 0.5370373906014687, -1, 63.57631391527147, 0.4334809111454822, 99.20878799203815, -1, 99.21337831525004, -1, -1, -1, -1, -1, -1, -1, 219.05104406753443], "ARIN-ASH-CHA": [5.190702028579272, 77.08779215261964, 3.6872739224974573, 4.981067658926458, 2.3208076969489473, -1, 16.69856965472017, 65.18499028352414, 93.94054832755735, -1, 93.14213083845672, -1, -1, -1, -1, -1, -1, -1, 251.71157513906954], "AMAZON-AES": [7.655639400235911, 25.98433544014345, 2.9386220105122556, 1.2792383617882372, 1.4011402656613339, -1, 3.8250179983256145, 7.654231835835311, 90.09220304621876, -1, 90.07553146514313, -1, -1, -1, -1, -1, -1, -1, 219.94021260692995], "BOOKING-BV - Booking.com BV": [1.071185098335249, 0.6516931916054819, 2.2673722961301706, 0.8052463019428996, 0.6561502819389229, -1, 63.743574810583006, 25.535649214217077, 90.3084902402545, -1, 90.37024331153205, -1, -1, -1, -1, -1, -1, -1, 244.86759679411898], "MISAKA": [33.7462544480229, 56.4535587629702, 2.1406555116791206, 0.443360077035029, 0.6011692461232558, -1, 26.835027418300374, 26.746866667650316, 96.54054727619767, -1, 96.59327079508792, -1, -1, -1, -1, -1, -1, -1, 247.85489773465437], "DEFENSE-NET": [1.2358775729172626, 68.25480119277634, 16.44500174478414, 0.9143677367152163, 0.9068840777769572, -1, 120.02204349639304, 1.268077213466905, 93.13774988839974, -1, 92.85829630339435, -1, -1, -1, -1, -1, -1, -1, 226.20095547193569], "NETACTUATE": [5.787555156834664, 0.5813259519566124, 2.298934779909748, 0.6220919721400298, 0.605398284457918, -1, 21.224070409289393, 108.18882340404325, 88.67553068866552, -1, 88.6628255879568, -1, -1, -1, -1, -1, -1, -1, 244.97545812987008], "MAX-GIGAPOP": [3.030400649434859, 71.34417226626427, 1.9699166369481413, 0.4846718962957036, 61.91403793728351, -1, 4.0112089362026735, 30.017142965379993, 96.9120086819748, -1, 95.18290419749395, -1, -1, -1, -1, -1, -1, -1, 234.2756715574211], "GOOGLE-CLOUD-PLATFORM": [34.74014201571914, 1.8073150000009892, 76.68620874509772, 1.5143805698488235, 78.51808805594143, -1, 62.079931862165274, 34.48095754024712, 92.09692924296249, -1, 92.06035967343982, -1, -1, -1, -1, -1, -1, -1, 234.62861282717893], "GWCOMMS-MPLS - Gateway Communications": [36.719290470658464, 151.27703767777936, 2.5922657193863397, 68.5620882389163, 68.58243498154754, -1, 24.177265231667985, 152.32096652750113, 90.00162196445285, -1, 90.14579163069337, -1, -1, -1, -1, -1, -1, -1, 252.3407478246978], "AS-CRITEO": [1.427210311112148, 0.375031033748598, 2.4860074303010635, 0.4770995446921482, 0.5143397081484451, -1, 21.05043534419793, 1.4929653713568898, 88.66638301111117, -1, 88.684257430616, -1, -1, -1, -1, -1, -1, -1, 239.14320387703592], "OVH - OVH SAS": [31.1661971017459, 30.75383365368513, 3.5767710281236536, 1.7264942546279145, 1.7169282704570046, -1, 27.962268511602787, 154.31899281728082, 91.99541843416625, -1, 90.54450954893645, -1, -1, -1, -1, -1, -1, -1, 248.1564128505199], "PBW-COMMUNICATIONS": [6.706560701049868, 6.864076043711534, 8.432832253352736, 6.882252684285858, 6.820070328079371, -1, 31.91884403276301, 6.775818620607554, 97.95196133135599, -1, 98.07948216418569, -1, -1, -1, -1, -1, -1, -1, 252.5938715318934], "GWU": [2.3787387054388214, 70.92968394939251, 4.27387653623231, 1.943231428571429, 63.203800022366245, -1, 5.465422878046919, 26.386032450785613, 92.75319455636273, -1, 93.7950352646457, -1, -1, -1, -1, -1, -1, -1, 257.81541175890555], "ULTRADNS": [5.888175350800435, 0.5738237487105269, 2.370043173293273, 2.1070885733721654, 0.8406615367580055, -1, 24.226018681931052, 21.66098934065226, 103.64014896232023, -1, 99.70969245313974, -1, -1, -1, -1, -1, -1, -1, 237.7600179053254], "MPDCOL": [3.840074967222237, 63.60845352618959, 4.495459138188266, 3.5051556484569084, 68.53046572492383, -1, 59.72620010085778, 101.43820740340207, 104.1249588296084, -1, 104.90405925265738, -1, -1, -1, -1, -1, -1, -1, 251.50276157557474], "CW - Vodafone Group PLC": [0.9631647182319069, 0.7569048430002765, 2.0323199944761052, 0.5916681012881209, 77.42283259208158, -1, 24.149474549724015, 0.959696713168785, 95.41406827908041, -1, 92.16536088397902, -1, -1, -1, -1, -1, -1, -1, 240.13387884783674], "GBPSW-AS": [4.952842441527485, 4.440717268877765, 4.642890332412433, 3.3743766127983434, 2.7796888931878474, -1, 6.8652687965017964, 4.19800439594903, 106.87472713996046, -1, 103.29636817541399, -1, -1, -1, -1, -1, -1, -1, 225.88500185563217], "OPENDNS": [0.8807665842526254, 0.6935111708099438, 2.574377908840192, 0.5717483434609112, 0.5362520078285908, -1, 38.2113431436465, 0.879729362798757, 90.07750722988445, -1, 90.10209449264417, -1, -1, -1, -1, -1, -1, -1, 232.65263591505513], "ASN-CXA-ALL-CCI-22773-RDC": [18.60558814313182, 164.64951135450235, 14.197388785012574, 15.529792231860776, 13.373386269778107, -1, 15.339210264534765, 41.04870310001502, 101.42783471866935, -1, 101.00925668883274, -1, -1, -1, -1, -1, -1, -1, 253.82721415347515], "AS-TIERP-11383": [2.842276930478588, 3.4361156560931025, 6.359624387584012, 3.3004095724111733, 2.9850329195400014, -1, 28.317276765057215, 2.8357238197682775, 126.02337742206883, -1, 125.72308927172399, -1, -1, -1, -1, -1, -1, -1, 262.4364549620155], "UMBC-AS": [3.801349289654347, 72.65570782620598, 3.467263233560967, 5.322439924596556, 62.53120865149449, -1, 6.455450080918753, 28.160393676780654, 90.91233976703495, -1, 90.83695668229882, -1, -1, -1, -1, -1, -1, -1, 247.2680288974708], "TWC-12271-NYC": [55.409129810115644, 83.03887262154767, 14.476367933242122, 15.079616105288284, 14.344310354483984, -1, 83.21763500459207, 55.22683517722717, 117.54961937977053, -1, 116.47841927954074, -1, -1, -1, -1, -1, -1, -1, 271.7550090542528], "ASN-STARRY": [17.50254043310346, 76.98171591448215, 18.033239565518763, 17.03211617838994, 16.767355012413546, -1, 41.18702106988334, 18.039189308047174, 105.05649591908062, -1, 104.80645289471474, -1, -1, -1, -1, -1, -1, -1, 259.2663523021123], "SINGULARIS-001": [32.107633797702775, 1.9433013413775173, 4.443735974252553, 1.8892163443663452, 2.026365296551865, -1, 24.97819419953975, 14.684871715402203, 92.63703600873593, -1, 92.74659632413767, -1, -1, -1, -1, -1, -1, -1, 224.968871326439],