{"MTS-ASN": [32.71116782117165, 143.30137610586152, 33.24552911049398, 44.604040805304145, 27.924886913133115, -1, 73.52313966400257, 86.61464827719881, 129.93410276851995, -1, 131.16249459791698, -1, -1, -1, -1, -1, -1, -1, 282.38258790405143], "MERLIN-NET": [18.628586931942912, 57.251326368517006, 36.09584004490766, 2.539377132407916, 2.1588565944456968, -1, 75.8916002731486, 2.1370846678241695, 126.57712463009207, -1, 124.57052235787044, -1, -1, -1, -1, -1, -1, -1, 291.01787137963066], "MBIX-SERVICES": [16.547380821758605, 31.966430595371634, 21.149710540741516, 1.4319196777779164, 1.0896864384263896, -1, 28.333714228557422, 0.8801635002322667, 128.94049142175908, -1, 128.71767234905172, -1, -1, -1, -1, -1, -1, -1, 220.13739380513178], "LESNET": [16.50840043472137, 32.45121931805433, 20.976805052314607, 1.2604586261583324, 1.10752056435375, -1, 27.415958359259882, 0.9155068377330555, 128.1422564743393, -1, 129.21632033795453, -1, -1, -1, -1, -1, -1, -1, 223.09448786916096], "INFOTEC-MANITOBA": [56.8090476310188, 31.707927505092343, 18.814228837962496, 8.593535101389856, 8.57004504398264, -1, 26.907183808332928, 0.9298937129640282, 128.84590512523323, -1, 125.64386239375055, -1, -1, -1, -1, -1, -1, -1, 244.67899076814567], "VOYAGEURINTERNET-1": [18.982811794267615, 34.3160732884256, 21.829674151156677, 3.63418485069423, 3.117351057407708, -1, 29.120260581712575, 2.9179087771991616, 131.37601143719505, -1, 131.95606125705166, -1, -1, -1, -1, -1, -1, -1, 221.69895110675364], "HEXTET": [16.758663027277258, 32.26033972731496, 18.737401122685412, 1.3994459291662504, 0.6214608601861107, -1, 27.703011218517233, 1.0383489249984714, 131.457730646324, -1, 129.24421129351936, -1, -1, -1, -1, -1, -1, -1, 220.6533532334729]}